Workbook

Sheet HUONG_DAN
A1: HƯỚNG DẪN THỰC THI TEST CASE
A2: Workbook chỉ dành cho UC-COM-01 đến UC-COM-12
A3: Mục | B3: Hướng dẫn | C3: Bắt buộc | D3: Ghi chú
A4: Trước khi test | B4: Ghi Build/Environment tại sheet TONG_QUAN; chuẩn bị account và dữ liệu theo TEST_DATA. | C4: Có | D4: Không dùng dữ liệu production.
A5: Thực thi | B5: Mở sheet UC tương ứng, lọc Priority/Status, làm lần lượt các bước và ghi Actual Result. | C5: Có | D5: P0 trước, sau đó P1 và P2.
A6: Status | B6: Not Run: chưa chạy; Pass: đúng; Fail: sai; Blocked: không thể chạy; N/A: không áp dụng. | C6: Có | D6: Fail/Blocked phải có evidence.
A7: Khi Fail | B7: Chọn Severity, nhập Defect ID, request/response đã che token/OTP và Evidence/Link. | C7: Có | D7: Không đưa secret vào ticket.
A8: Retest | B8: Giữ nguyên Test Case ID, cập nhật Actual Result/Status/Ngày chạy và ghi lịch sử trong Ghi chú. | C8: Có | D8: Không xóa bằng chứng lần chạy cũ.
A9: Nguồn kỳ vọng | B9: Expected Result lấy từ test plan và implementation hiện tại; đối chiếu Notion trước sign-off. | C9: Có | D9: Các điểm mở nằm trong test plan.

Sheet TONG_QUAN
A1: TỔNG QUAN THỰC THI
A2: Sinh ngày 30/09/2026 từ COMMON_SERVICES_TEST_PLAN.md
A3: UC ID | B3: Tên use case | C3: Tổng TC | D3: P0 | E3: P1 | F3: P2 | G3: Pass | H3: Fail | I3: Blocked | J3: Not Run | K3: % Pass
A4: UC-COM-01 | B4: Đăng ký và xác thực tài khoản | C4: 14 | D4: 8 | E4: 6 | F4: 0 | G4: =COUNTIF('COM-01'!$O:$O,"Pass") | H4: =COUNTIF('COM-01'!$O:$O,"Fail") | I4: =COUNTIF('COM-01'!$O:$O,"Blocked") | J4: =COUNTIF('COM-01'!$O:$O,"Not Run") | K4: =IF(C4=0,0,G4/C4)
A5: UC-COM-02 | B5: Gửi yêu cầu tham gia doanh nghiệp | C5: 14 | D5: 7 | E5: 7 | F5: 0 | G5: =COUNTIF('COM-02'!$O:$O,"Pass") | H5: =COUNTIF('COM-02'!$O:$O,"Fail") | I5: =COUNTIF('COM-02'!$O:$O,"Blocked") | J5: =COUNTIF('COM-02'!$O:$O,"Not Run") | K5: =IF(C5=0,0,G5/C5)
A6: UC-COM-03 | B6: Đăng nhập | C6: 13 | D6: 8 | E6: 5 | F6: 0 | G6: =COUNTIF('COM-03'!$O:$O,"Pass") | H6: =COUNTIF('COM-03'!$O:$O,"Fail") | I6: =COUNTIF('COM-03'!$O:$O,"Blocked") | J6: =COUNTIF('COM-03'!$O:$O,"Not Run") | K6: =IF(C6=0,0,G6/C6)
A7: UC-COM-04 | B7: Đăng xuất | C7: 7 | D7: 5 | E7: 2 | F7: 0 | G7: =COUNTIF('COM-04'!$O:$O,"Pass") | H7: =COUNTIF('COM-04'!$O:$O,"Fail") | I7: =COUNTIF('COM-04'!$O:$O,"Blocked") | J7: =COUNTIF('COM-04'!$O:$O,"Not Run") | K7: =IF(C7=0,0,G7/C7)
A8: UC-COM-05 | B8: Quên và đặt lại mật khẩu | C8: 11 | D8: 7 | E8: 4 | F8: 0 | G8: =COUNTIF('COM-05'!$O:$O,"Pass") | H8: =COUNTIF('COM-05'!$O:$O,"Fail") | I8: =COUNTIF('COM-05'!$O:$O,"Blocked") | J8: =COUNTIF('COM-05'!$O:$O,"Not Run") | K8: =IF(C8=0,0,G8/C8)
A9: UC-COM-06 | B9: Đổi mật khẩu | C9: 9 | D9: 6 | E9: 3 | F9: 0 | G9: =COUNTIF('COM-06'!$O:$O,"Pass") | H9: =COUNTIF('COM-06'!$O:$O,"Fail") | I9: =COUNTIF('COM-06'!$O:$O,"Blocked") | J9: =COUNTIF('COM-06'!$O:$O,"Not Run") | K9: =IF(C9=0,0,G9/C9)
A10: UC-COM-07 | B10: Quản lý tài khoản cá nhân | C10: 12 | D10: 3 | E10: 9 | F10: 0 | G10: =COUNTIF('COM-07'!$O:$O,"Pass") | H10: =COUNTIF('COM-07'!$O:$O,"Fail") | I10: =COUNTIF('COM-07'!$O:$O,"Blocked") | J10: =COUNTIF('COM-07'!$O:$O,"Not Run") | K10: =IF(C10=0,0,G10/C10)
A11: UC-COM-08 | B11: Chuyển phạm vi làm việc | C11: 11 | D11: 6 | E11: 5 | F11: 0 | G11: =COUNTIF('COM-08'!$O:$O,"Pass") | H11: =COUNTIF('COM-08'!$O:$O,"Fail") | I11: =COUNTIF('COM-08'!$O:$O,"Blocked") | J11: =COUNTIF('COM-08'!$O:$O,"Not Run") | K11: =IF(C11=0,0,G11/C11)
A12: UC-COM-09 | B12: Xem và xử lý thông báo | C12: 12 | D12: 3 | E12: 8 | F12: 1 | G12: =COUNTIF('COM-09'!$O:$O,"Pass") | H12: =COUNTIF('COM-09'!$O:$O,"Fail") | I12: =COUNTIF('COM-09'!$O:$O,"Blocked") | J12: =COUNTIF('COM-09'!$O:$O,"Not Run") | K12: =IF(C12=0,0,G12/C12)
A13: UC-COM-10 | B13: Tìm kiếm toàn hệ thống | C13: 11 | D13: 5 | E13: 6 | F13: 0 | G13: =COUNTIF('COM-10'!$O:$O,"Pass") | H13: =COUNTIF('COM-10'!$O:$O,"Fail") | I13: =COUNTIF('COM-10'!$O:$O,"Blocked") | J13: =COUNTIF('COM-10'!$O:$O,"Not Run") | K13: =IF(C13=0,0,G13/C13)
A14: UC-COM-11 | B14: Xem việc cần xử lý | C14: 12 | D14: 3 | E14: 9 | F14: 0 | G14: =COUNTIF('COM-11'!$O:$O,"Pass") | H14: =COUNTIF('COM-11'!$O:$O,"Fail") | I14: =COUNTIF('COM-11'!$O:$O,"Blocked") | J14: =COUNTIF('COM-11'!$O:$O,"Not Run") | K14: =IF(C14=0,0,G14/C14)
A15: UC-COM-12 | B15: Sử dụng AI Assistant | C15: 16 | D15: 5 | E15: 11 | F15: 0 | G15: =COUNTIF('COM-12'!$O:$O,"Pass") | H15: =COUNTIF('COM-12'!$O:$O,"Fail") | I15: =COUNTIF('COM-12'!$O:$O,"Blocked") | J15: =COUNTIF('COM-12'!$O:$O,"Not Run") | K15: =IF(C15=0,0,G15/C15)
A16: TOTAL | B16: UC-COM-01 đến UC-COM-12 | C16: =SUM(C4:C15) | D16: =SUM(D4:D15) | E16: =SUM(E4:E15) | F16: =SUM(F4:F15) | G16: =SUM(G4:G15) | H16: =SUM(H4:H15) | I16: =SUM(I4:I15) | J16: =SUM(J4:J15) | K16: =IF(C16=0,0,G16/C16)
A18: Environment | B18: Staging
A19: Build/Commit
A20: Test cycle
A21: Người phụ trách
A22: Ngày bắt đầu/kết thúc

Sheet TEST_DATA
A1: DỮ LIỆU VÀ TÀI KHOẢN KIỂM THỬ
A2: Thay giá trị placeholder bằng credential/UUID của môi trường; không ghi mật khẩu production
A3: Mã | B3: Đối tượng | C3: Trạng thái/Quyền | D3: Doanh nghiệp/Chi nhánh | E3: Mục đích | F3: Giá trị môi trường
A4: U0 | B4: Khách chưa đăng ký | C4: Anonymous | D4: - | E4: Đăng ký
A5: U1 | B5: Tài khoản chờ xác thực | C5: INACTIVE/UNVERIFIED | D5: - | E5: OTP, pending login
A6: U2 | B6: User đã verify | C6: ACTIVE, chưa có membership | D6: - | E6: Join request/company setup
A7: U3 | B7: User toàn quyền | C7: ACTIVE, full Permission/Data Scope | D7: C1 / all branches | E7: Happy path
A8: U4 | B8: User hạn chế | C8: ACTIVE, chỉ B1 | D8: C1 / B1 | E8: Negative scope
A9: U5 | B9: User đa doanh nghiệp | C9: ACTIVE | D9: C1 + C2 | E9: Company selection/switch
A10: U6 | B10: User khóa/inactive | C10: LOCKED hoặc INACTIVE | D10: C1 | E10: Negative authentication
A11: U7 | B11: Admin duyệt | C11: COM.JOIN_REQUEST.VIEW/APPROVE | D11: C1 | E11: Duyệt/từ chối join request
A12: U8 | B12: User tenant khác | C12: ACTIVE | D12: C2 | E12: Tenant isolation/IDOR
A13: C1 | B13: Doanh nghiệp chính | C13: ACTIVE | D13: B1+B2+branch inactive | E13: Test tenant chính
A14: C2 | B14: Doanh nghiệp khác | C14: ACTIVE | D14: B3 | E14: Test cách ly tenant
A15: S1/S2 | B15: Hai login session | C15: ACTIVE | D15: Hai thiết bị/IP/User-Agent | E15: Session revocation
... A18: A1–A4 | B18: Cấu hình AI | C18: OFF/ON-no-data/success/error-timeout | D18: C1 | E18: UC-COM-12

Sheet TRACEABILITY
A1: MA TRẬN TRUY VẾT
A2: Liên kết Use Case → nguồn Notion → API → test case
A3: UC ID | B3: Tên use case | C3: Nguồn Notion | D3: API chính | E3: Số test case | F3: Test Case IDs
A4: UC-COM-01 | B4: Đăng ký và xác thực tài khoản | C4: Mở đặc tả | D4: POST /api/v1/common/auth/register/ POST /api/v1/common/auth/verify-registration/ POST /api/v1/common/auth/resend-verification/ POST /api/v1/common/auth/change-registration-email/ | E4: 14 | F4: COM01-01, COM01-02, COM01-03, COM01-04, COM01-05, COM01-06, COM01-07, COM01-08, COM01-09, COM01-10, COM01-11, COM01-12, COM01-13, COM01-14
A5: UC-COM-02 | B5: Gửi yêu cầu tham gia doanh nghiệp | C5: Mở đặc tả | D5: GET /api/v1/common/companies/search/ GET|POST /api/v1/common/join-requests/ POST /api/v1/common/join-requests/{id}/cancel/ GET /api/v1/common/company-join-requests/ POST /api/v1/common/company-join-requests/{id}/decide/ | E5: 14 | F5: COM02-01, COM02-02, COM02-03, COM02-04, COM02-05, COM02-06, COM02-07, COM02-08, COM02-09, COM02-10, COM02-11, COM02-12, COM02-13, COM02-14
A6: UC-COM-03 | B6: Đăng nhập | C6: Mở đặc tả | D6: POST /api/v1/common/auth/login/ POST /api/token/refresh/ | E6: 13 | F6: COM03-01, COM03-02, COM03-03, COM03-04, COM03-05, COM03-06, COM03-07, COM03-08, COM03-09, COM03-10, COM03-11, COM03-12, COM03-13
A7: UC-COM-04 | B7: Đăng xuất | C7: Mở đặc tả | D7: POST /api/v1/common/auth/logout/ | E7: 7 | F7: COM04-01, COM04-02, COM04-03, COM04-04, COM04-05, COM04-06, COM04-07
A8: UC-COM-05 | B8: Quên và đặt lại mật khẩu | C8: Mở đặc tả | D8: POST /api/v1/common/auth/forgot-password/ POST /api/v1/common/auth/reset-password/ | E8: 11 | F8: COM05-01, COM05-02, COM05-03, COM05-04, COM05-05, COM05-06, COM05-07, COM05-08, COM05-09, COM05-10, COM05-11
A9: UC-COM-06 | B9: Đổi mật khẩu | C9: Mở đặc tả | D9: POST /api/v1/common/auth/change-password/ | E9: 9 | F9: COM06-01, COM06-02, COM06-03, COM06-04, COM06-05, COM06-06, COM06-07, COM06-08, COM06-09
A10: UC-COM-07 | B10: Quản lý tài khoản cá nhân | C10: Mở đặc tả | D10: GET|PATCH /api/v1/common/profile/ POST /api/v1/common/profile/confirm-email/ | E10: 12 | F10: COM07-01, COM07-02, COM07-03, COM07-04, COM07-05, COM07-06, COM07-07, COM07-08, COM07-09, COM07-10, COM07-11, COM07-12
A11: UC-COM-08 | B11: Chuyển phạm vi làm việc | C11: Mở đặc tả | D11: GET /api/v1/common/scopes/ GET /api/v1/common/companies/mine/ POST /api/v1/common/companies/switch/ | E11: 11 | F11: COM08-01, COM08-02, COM08-03, COM08-04, COM08-05, COM08-06, COM08-07, COM08-08, COM08-09, COM08-10, COM08-11
A12: UC-COM-09 | B12: Xem và xử lý thông báo | C12: Mở đặc tả | D12: GET /api/v1/common/notifications/ POST /api/v1/common/notifications/{id}/{read|unread|archive|open}/ POST /api/v1/common/notifications/read-all/ GET /api/v1/common/notifications/unread-count/ | E12: 12 | F12: COM09-01, COM09-02, COM09-03, COM09-04, COM09-05, COM09-06, COM09-07, COM09-08, COM09-09, COM09-10, COM09-11, COM09-12
A13: UC-COM-10 | B13: Tìm kiếm toàn hệ thống | C13: Mở đặc tả | D13: GET /api/v1/common/search/ POST /api/v1/common/search/open/ | E13: 11 | F13: COM10-01, COM10-02, COM10-03, COM10-04, COM10-05, COM10-06, COM10-07, COM10-08, COM10-09, COM10-10, COM10-11
A14: UC-COM-11 | B14: Xem việc cần xử lý | C14: Mở đặc tả | D14: GET /api/v1/common/work-items/ GET /api/v1/common/work-items/count/ POST /api/v1/common/work-items/{id}/open/ GET /api/v1/common/work-items/{id}/history/ | E14: 12 | F14: COM11-01, COM11-02, COM11-03, COM11-04, COM11-05, COM11-06, COM11-07, COM11-08, COM11-09, COM11-10, COM11-11, COM11-12
A15: UC-COM-12 | B15: Sử dụng AI Assistant | C15: Mở đặc tả | D15: GET|POST /api/v1/common/ai-conversations/ POST /api/v1/common/ai/query/ POST /api/v1/common/ai/{id}/{confirm|feedback}/ POST /api/v1/common/ai/{id}/source/{index}/ | E15: 16 | F15: COM12-01, COM12-02, COM12-03, COM12-04, COM12-05, COM12-06, COM12-07, COM12-08, COM12-09, COM12-10, COM12-11, COM12-12, COM12-13, COM12-14, COM12-15, COM12-16

Sheet POSTMAN_CASES
A1: POSTMAN – REQUEST THỰC THI CHI TIẾT
A2: Mỗi dòng là một HTTP request. Chỉ sửa các ô màu vàng từ Status đến Evidence; request/input lấy nguyên văn từ các cột bên trái.
A3: Request ID | B3: Test Case ID | C3: UC ID | D3: Tên test case | E3: Method | F3: Request URL | G3: Tài khoản/Token | H3: Path variables | I3: Query parameters | J3: Headers | K3: Request Body | L3: Chuẩn bị dữ liệu / Cách lấy biến | M3: Expected HTTP | N3: Expected response & side effects | O3: Postman Tests | P3: Status | Q3: Actual Result | R3: Tester | S3: Ngày chạy | T3: Defect ID | U3: Evidence/Link | V3: Kiểm tra nhập liệu
A4: COM01-01 | B4: COM01-01 | C4: UC-COM-01 | D4: Đăng ký đủ dữ liệu hợp lệ và chấp nhận điều khoản | E4: POST | F4: {{base_url}}/api/v1/common/auth/register/ | G4: Không cần token (public endpoint) | H4: Các biến {{...}} trong path phải lấy từ response/seed; xem cột chuẩn bị dữ liệu. | I4: Không có | J4: Accept: application/json Content-Type: application/json | K4: { "username": "{{register_username}}", "email": "{{register_email}}", "phone": "{{register_phone}}", "display_name": "Người dùng QA", "password": "{{register_password}}", "password_confirm": "{{register_password_confirm}}", "terms_accepted": true, "terms_version": "2026-01", "privacy_version": "2026-01" } | L4: 1. Lấy challenge từ response trước đó và OTP từ email sandbox; không ghi OTP vào defect/evidence. 2. Điền UUID từ dữ liệu seed/staging; không tự đặt UUID giả nếu case yêu cầu object tồn tại. 3. Đối chiếu actor, membership, Permission và Data Scope trong sheet TEST_DATA. | M4: 201 | N4: 201; tạo user inactive, IAM account, preference, session state, challenge REGISTER; email OTP được gửi; không trả password/OTP | O4: pm.test('HTTP thuộc [201]', () => pm.expect([201]).to.include(pm.response.code)); pm.test('Response không lộ secret', () => { const t=pm.response.text().toLowerCase(); ['password','refresh_token','access_token','otp_code'].forEach(k => pm.expect(t).not.to.include(k)); }); | P4: Not Run | V4: =IF(P4="Not Run","Chưa chạy",IF(R4="","Thiếu Tester",IF(S4="","Thiếu Ngày chạy",IF(Q4="","Thiếu Actual Result",IF(AND(P4="Fail",T4=""),"Thiếu Defect ID",IF(AND(OR(P4="Fail",P4="Blocked"),U4=""),"Thiếu Evidence","Hợp lệ"))))))
A5: COM01-02 | B5: COM01-02 | C5: UC-COM-01 | D5: Xác thực bằng challenge và OTP đúng | E5: POST | F5: {{base_url}}/api/v1/common/auth/verify-registration/ | G5: Không cần token (public endpoint) | H5: Các biến {{...}} trong path phải lấy từ response/seed; xem cột chuẩn bị dữ liệu. | I5: Không có | J5: Accept: application/json Content-Type: application/json | K5: { "challenge": "{{registration_challenge}}", "code": "{{otp_code}}" } | L5: 1. Lấy challenge từ response trước đó và OTP từ email sandbox; không ghi OTP vào defect/evidence. 2. Điền UUID từ dữ liệu seed/staging; không tự đặt UUID giả nếu case yêu cầu object tồn tại. 3. Đối chiếu actor, membership, Permission và Data Scope trong sheet TEST_DATA. | M5: 200 | N5: 200; user ACTIVE, email được đánh dấu verified, OTP consumed, trả access/refresh và bước tiếp theo | O5: pm.test('HTTP thuộc [200]', () => pm.expect([200]).to.include(pm.response.code)); pm.test('Response không lộ secret', () => { const t=pm.response.text().toLowerCase(); ['password','refresh_token','access_token','otp_code'].forEach(k => pm.expect(t).not.to.include(k)); }); | P5: Not Run | V5: =IF(P5="Not Run","Chưa chạy",IF(R5="","Thiếu Tester",IF(S5="","Thiếu Ngày chạy",IF(Q5="","Thiếu Actual Result",IF(AND(P5="Fail",T5=""),"Thiếu Defect ID",IF(AND(OR(P5="Fail",P5="Blocked"),U5=""),"Thiếu Evidence","Hợp lệ"))))))
A6: COM01-03 | B6: COM01-03 | C6: UC-COM-01 | D6: Nhập sai OTP lần 1–4 | E6: POST | F6: {{base_url}}/api/v1/common/auth/verify-registration/ | G6: Không cần token (public endpoint) | H6: Các biến {{...}} trong path phải lấy từ response/seed; xem cột chuẩn bị dữ liệu. | I6: Không có | J6: Accept: application/json Content-Type: application/json | K6: { "challenge": "{{registration_challenge}}", "code": "{{otp_code}}" } | L6: 1. Lấy challenge từ response trước đó và OTP từ email sandbox; không ghi OTP vào defect/evidence. 2. Điền UUID từ dữ liệu seed/staging; không tự đặt UUID giả nếu case yêu cầu object tồn tại. 3. Đối chiếu actor, membership, Permission và Data Scope trong sheet TEST_DATA. | M6: 400 | N6: 400; không kích hoạt tài khoản; số lần thử tăng đúng | O6: pm.test('HTTP thuộc [400]', () => pm.expect([400]).to.include(pm.response.code)); pm.test('Response không lộ secret', () => { const t=pm.response.text().toLowerCase(); ['password','refresh_token','access_token','otp_code'].forEach(k => pm.expect(t).not.to.include(k)); }); | P6: Not Run | V6: =IF(P6="Not Run","Chưa chạy",IF(R6="","Thiếu Tester",IF(S6="","Thiếu Ngày chạy",IF(Q6="","Thiếu Actual Result",IF(AND(P6="Fail",T6=""),"Thiếu Defect ID",IF(AND(OR(P6="Fail",P6="Blocked"),U6=""),"Thiếu Evidence","Hợp lệ"))))))
A7: COM01-04 | B7: COM01-04 | C7: UC-COM-01 | D7: Nhập sai OTP lần 5 rồi nhập mã đúng | E7: POST | F7: {{base_url}}/api/v1/common/auth/verify-registration/ | G7: Không cần token (public endpoint) | H7: Các biến {{...}} trong path phải lấy từ response/seed; xem cột chuẩn bị dữ liệu. | I7: Không có | J7: Accept: application/json Content-Type: application/json | K7: { "challenge": "{{registration_challenge}}", "code": "{{otp_code}}" } | L7: 1. Lấy challenge từ response trước đó và OTP từ email sandbox; không ghi OTP vào defect/evidence. 2. Điền UUID từ dữ liệu seed/staging; không tự đặt UUID giả nếu case yêu cầu object tồn tại. 3. Đối chiếu actor, membership, Permission và Data Scope trong sheet TEST_DATA. | M7: 200 | N7: Challenge bị vô hiệu; mã đúng sau đó vẫn bị từ chối | O7: pm.test('HTTP thuộc [200]', () => pm.expect([200]).to.include(pm.response.code)); pm.test('Response không lộ secret', () => { const t=pm.response.text().toLowerCase(); ['password','refresh_token','access_token','otp_code'].forEach(k => pm.expect(t).not.to.include(k)); }); | P7: Not Run | V7: =IF(P7="Not Run","Chưa chạy",IF(R7="","Thiếu Tester",IF(S7="","Thiếu Ngày chạy",IF(Q7="","Thiếu Actual Result",IF(AND(P7="Fail",T7=""),"Thiếu Defect ID",IF(AND(OR(P7="Fail",P7="Blocked"),U7=""),"Thiếu Evidence","Hợp lệ"))))))
A8: COM01-05 | B8: COM01-05 | C8: UC-COM-01 | D8: OTP hết hạn hoặc đã dùng | E8: POST | F8: {{base_url}}/api/v1/common/auth/verify-registration/ | G8: Không cần token (public endpoint) | H8: Các biến {{...}} trong path phải lấy từ response/seed; xem cột chuẩn bị dữ liệu. | I8: Không có | J8: Accept: application/json Content-Type: application/json | K8: { "challenge": "{{registration_challenge}}", "code": "{{otp_code}}" } | L8: 1. Lấy challenge từ response trước đó và OTP từ email sandbox; không ghi OTP vào defect/evidence. 2. Điền UUID từ dữ liệu seed/staging; không tự đặt UUID giả nếu case yêu cầu object tồn tại. 3. Đối chiếu actor, membership, Permission và Data Scope trong sheet TEST_DATA. | M8: 400 | N8: 400; không kích hoạt; không thể replay OTP | O8: pm.test('HTTP thuộc [400]', () => pm.expect([400]).to.include(pm.response.code)); pm.test('Response không lộ secret', () => { const t=pm.response.text().toLowerCase(); ['password','refresh_token','access_token','otp_code'].forEach(k => pm.expect(t).not.to.include(k)); }); | P8: Not Run | V8: =IF(P8="Not Run","Chưa chạy",IF(R8="","Thiếu Tester",IF(S8="","Thiếu Ngày chạy",IF(Q8="","Thiếu Actual Result",IF(AND(P8="Fail",T8=""),"Thiếu Defect ID",IF(AND(OR(P8="Fail",P8="Blocked"),U8=""),"Thiếu Evidence","Hợp lệ"))))))
A9: COM01-06 | B9: COM01-06 | C9: UC-COM-01 | D9: Gửi lại OTP sau cooldown | E9: POST | F9: {{base_url}}/api/v1/common/auth/resend-verification/ | G9: Không cần token (public endpoint) | H9: Các biến {{...}} trong path phải lấy từ response/seed; xem cột chuẩn bị dữ liệu. | I9: Không có | J9: Accept: application/json Content-Type: application/json | K9: { "challenge": "{{registration_challenge}}" } | L9: 1. Lấy challenge từ response trước đó và OTP từ email sandbox; không ghi OTP vào defect/evidence. 2. Điền UUID từ dữ liệu seed/staging; không tự đặt UUID giả nếu case yêu cầu object tồn tại. 3. Đối chiếu actor, membership, Permission và Data Scope trong sheet TEST_DATA. | M9: 202 | N9: 202; challenge cũ consumed, challenge mới có hiệu lực, gửi đúng email | O9: pm.test('HTTP thuộc [202]', () => pm.expect([202]).to.include(pm.response.code)); pm.test('Response không lộ secret', () => { const t=pm.response.text().toLowerCase(); ['password','refresh_token','access_token','otp_code'].forEach(k => pm.expect(t).not.to.include(k)); }); | P9: Not Run | V9: =IF(P9="Not Run","Chưa chạy",IF(R9="","Thiếu Tester",IF(S9="","Thiếu Ngày chạy",IF(Q9="","Thiếu Actual Result",IF(AND(P9="Fail",T9=""),"Thiếu Defect ID",IF(AND(OR(P9="Fail",P9="Blocked"),U9=""),"Thiếu Evidence","Hợp lệ"))))))
A10: COM01-07 | B10: COM01-07 | C10: UC-COM-01 | D10: Gửi lại OTP trong 60 giây | E10: POST | F10: {{base_url}}/api/v1/common/auth/resend-verification/ | G10: Không cần token (public endpoint) | H10: Các biến {{...}} trong path phải lấy từ response/seed; xem cột chuẩn bị dữ liệu. | I10: Không có | J10: Accept: application/json Content-Type: application/json | K10: { "challenge": "{{registration_challenge}}" } | L10: 1. Lấy challenge từ response trước đó và OTP từ email sandbox; không ghi OTP vào defect/evidence. 2. Điền UUID từ dữ liệu seed/staging; không tự đặt UUID giả nếu case yêu cầu object tồn tại. 3. Đối chiếu actor, membership, Permission và Data Scope trong sheet TEST_DATA. | M10: 400 | N10: 400 và có retry_after; không gửi thêm email | O10: pm.test('HTTP thuộc [400]', () => pm.expect([400]).to.include(pm.response.code)); pm.test('Response không lộ secret', () => { const t=pm.response.text().toLowerCase(); ['password','refresh_token','access_token','otp_code'].forEach(k => pm.expect(t).not.to.include(k)); }); | P10: Not Run | V10: =IF(P10="Not Run","Chưa chạy",IF(R10="","Thiếu Tester",IF(S10="","Thiếu Ngày chạy",IF(Q10="","Thiếu Actual Result",IF(AND(P10="Fail",T10=""),"Thiếu Defect ID",IF(AND(OR(P10="Fail",P10="Blocked"),U10=""),"Thiếu Evidence","Hợp lệ"))))))
A11: COM01-08 | B11: COM01-08 | C11: UC-COM-01 | D11: Email/username/số điện thoại trùng, kể cả khác hoa thường | E11: POST | F11: {{base_url}}/api/v1/common/auth/register/ | G11: Không cần token (public endpoint) | H11: Các biến {{...}} trong path phải lấy từ response/seed; xem cột chuẩn bị dữ liệu. | I11: Không có | J11: Accept: application/json Content-Type: application/json | K11: { "username": "{{register_username}}", "email": "{{register_email}}", "phone": "{{register_phone}}", "display_name": "Người dùng QA", "password": "{{register_password}}", "password_confirm": "{{register_password_confirm}}", "terms_accepted": true, "terms_version": "2026-01", "privacy_version": "2026-01" } | L11: 1. Lấy challenge từ response trước đó và OTP từ email sandbox; không ghi OTP vào defect/evidence. 2. Điền UUID từ dữ liệu seed/staging; không tự đặt UUID giả nếu case yêu cầu object tồn tại. 3. Đối chiếu actor, membership, Permission và Data Scope trong sheet TEST_DATA. | M11: 400 | N11: 400; không tạo bản ghi dở dang | O11: pm.test('HTTP thuộc [400]', () => pm.expect([400]).to.include(pm.response.code)); pm.test('Response không lộ secret', () => { const t=pm.response.text().toLowerCase(); ['password','refresh_token','access_token','otp_code'].forEach(k => pm.expect(t).not.to.include(k)); }); | P11: Not Run | V11: =IF(P11="Not Run","Chưa chạy",IF(R11="","Thiếu Tester",IF(S11="","Thiếu Ngày chạy",IF(Q11="","Thiếu Actual Result",IF(AND(P11="Fail",T11=""),"Thiếu Defect ID",IF(AND(OR(P11="Fail",P11="Blocked"),U11=""),"Thiếu Evidence","Hợp lệ"))))))
A12: COM01-09 | B12: COM01-09 | C12: UC-COM-01 | D12: Mật khẩu yếu, xác nhận sai, chưa chấp nhận điều khoản | E12: POST | F12: {{base_url}}/api/v1/common/auth/register/ | G12: Không cần token (public endpoint) | H12: Các biến {{...}} trong path phải lấy từ response/seed; xem cột chuẩn bị dữ liệu. | I12: Không có | J12: Accept: application/json Content-Type: application/json | K12: { "username": "{{register_username}}", "email": "{{register_email}}", "phone": "{{register_phone}}", "display_name": "Người dùng QA", "password": "{{register_password}}", "password_confirm": "{{register_password_confirm}}", "terms_accepted": true, "terms_version": "2026-01", "privacy_version": "2026-01" } | L12: 1. Lấy challenge từ response trước đó và OTP từ email sandbox; không ghi OTP vào defect/evidence. 2. Điền UUID từ dữ liệu seed/staging; không tự đặt UUID giả nếu case yêu cầu object tồn tại. 3. Đối chiếu actor, membership, Permission và Data Scope trong sheet TEST_DATA. | M12: 400 | N12: 400 theo đúng field; không tạo user | O12: pm.test('HTTP thuộc [400]', () => pm.expect([400]).to.include(pm.response.code)); pm.test('Response không lộ secret', () => { const t=pm.response.text().toLowerCase(); ['password','refresh_token','access_token','otp_code'].forEach(k => pm.expect(t).not.to.include(k)); }); | P12: Not Run | V12: =IF(P12="Not Run","Chưa chạy",IF(R12="","Thiếu Tester",IF(S12="","Thiếu Ngày chạy",IF(Q12="","Thiếu Actual Result",IF(AND(P12="Fail",T12=""),"Thiếu Defect ID",IF(AND(OR(P12="Fail",P12="Blocked"),U12=""),"Thiếu Evidence","Hợp lệ"))))))
A13: COM01-10 | B13: COM01-10 | C13: UC-COM-01 | D13: Email/phone sai định dạng; tên chỉ có khoảng trắng; field vượt max length | E13: POST | F13: {{base_url}}/api/v1/common/auth/register/ | G13: Không cần token (public endpoint) | H13: Các biến {{...}} trong path phải lấy từ response/seed; xem cột chuẩn bị dữ liệu. | I13: Không có | J13: Accept: application/json Content-Type: application/json | K13: { "username": "{{register_username}}", "email": "{{register_email}}", "phone": "{{register_phone}}", "display_name": "Người dùng QA", "password": "{{register_password}}", "password_confirm": "{{register_password_confirm}}", "terms_accepted": true, "terms_version": "2026-01", "privacy_version": "2026-01" } | L13: 1. Lấy challenge từ response trước đó và OTP từ email sandbox; không ghi OTP vào defect/evidence. 2. Điền UUID từ dữ liệu seed/staging; không tự đặt UUID giả nếu case yêu cầu object tồn tại. 3. Đối chiếu actor, membership, Permission và Data Scope trong sheet TEST_DATA. | M13: 400 | N13: 400 và thông báo validation phù hợp | O13: pm.test('HTTP thuộc [400]', () => pm.expect([400]).to.include(pm.response.code)); pm.test('Response không lộ secret', () => { const t=pm.response.text().toLowerCase(); ['password','refresh_token','access_token','otp_code'].forEach(k => pm.expect(t).not.to.include(k)); }); | P13: Not Run | V13: =IF(P13="Not Run","Chưa chạy",IF(R13="","Thiếu Tester",IF(S13="","Thiếu Ngày chạy",IF(Q13="","Thiếu Actual Result",IF(AND(P13="Fail",T13=""),"Thiếu Defect ID",IF(AND(OR(P13="Fail",P13="Blocked"),U13=""),"Thiếu Evidence","Hợp lệ"))))))
A14: COM01-11 | B14: COM01-11 | C14: UC-COM-01 | D14: Đổi email khi đang chờ xác thực bằng challenge hợp lệ | E14: POST | F14: {{base_url}}/api/v1/common/auth/change-registration-email/ | G14: Không cần token (public endpoint) | H14: Các biến {{...}} trong path phải lấy từ response/seed; xem cột chuẩn bị dữ liệu. | I14: Không có | J14: Accept: application/json Content-Type: application/json | K14: { "challenge": "{{registration_challenge}}", "email": "{{changed_email}}" } | L14: 1. Lấy challenge từ response trước đó và OTP từ email sandbox; không ghi OTP vào defect/evidence. 2. Điền UUID từ dữ liệu seed/staging; không tự đặt UUID giả nếu case yêu cầu object tồn tại. 3. Đối chiếu actor, membership, Permission và Data Scope trong sheet TEST_DATA. | M14: 200 | N14: Email/user preference cập nhật; OTP cũ mất hiệu lực; OTP mới gửi đến email mới | O14: pm.test('HTTP thuộc [200]', () => pm.expect([200]).to.include(pm.response.code)); pm.test('Response không lộ secret', () => { const t=pm.response.text().toLowerCase(); ['password','refresh_token','access_token','otp_code'].forEach(k => pm.expect(t).not.to.include(k)); }); | P14: Not Run | V14: =IF(P14="Not Run","Chưa chạy",IF(R14="","Thiếu Tester",IF(S14="","Thiếu Ngày chạy",IF(Q14="","Thiếu Actual Result",IF(AND(P14="Fail",T14=""),"Thiếu Defect ID",IF(AND(OR(P14="Fail",P14="Blocked"),U14=""),"Thiếu Evidence","Hợp lệ"))))))
A15: COM01-12 | B15: COM01-12 | C15: UC-COM-01 | D15: Đổi sang email đã dùng hoặc dùng challenge của đăng ký đã active | E15: POST | F15: {{base_url}}/api/v1/common/auth/change-registration-email/ | G15: Không cần token (public endpoint) | H15: Các biến {{...}} trong path phải lấy từ response/seed; xem cột chuẩn bị dữ liệu. | I15: Không có | J15: Accept: application/json Content-Type: application/json | K15: { "challenge": "{{registration_challenge}}", "email": "{{changed_email}}" } | L15: 1. Lấy challenge từ response trước đó và OTP từ email sandbox; không ghi OTP vào defect/evidence. 2. Điền UUID từ dữ liệu seed/staging; không tự đặt UUID giả nếu case yêu cầu object tồn tại. 3. Đối chiếu actor, membership, Permission và Data Scope trong sheet TEST_DATA. | M15: 400 | N15: 400; không thay đổi email | O15: pm.test('HTTP thuộc [400]', () => pm.expect([400]).to.include(pm.response.code)); pm.test('Response không lộ secret', () => { const t=pm.response.text().toLowerCase(); ['password','refresh_token','access_token','otp_code'].forEach(k => pm.expect(t).not.to.include(k)); }); | P15: Not Run | V15: =IF(P15="Not Run","Chưa chạy",IF(R15="","Thiếu Tester",IF(S15="","Thiếu Ngày chạy",IF(Q15="","Thiếu Actual Result",IF(AND(P15="Fail",T15=""),"Thiếu Defect ID",IF(AND(OR(P15="Fail",P15="Blocked"),U15=""),"Thiếu Evidence","Hợp lệ"))))))
... A149: COM12-16 | B149: COM12-16 | C149: UC-COM-12 | D149: Nội dung output có HTML/script/công thức nguy hiểm | E149: POST | F149: {{base_url}}/api/v1/common/ai/query/ | G149: {{access_token}} – actor theo TEST_DATA | H149: Các biến {{...}} trong path phải lấy từ response/seed; xem cột chuẩn bị dữ liệu. | I149: Không có | J149: Authorization: Bearer {{access_token}} Accept: application/json Content-Type: application/json | K149: { "company": "{{c1_id}}", "conversation": "{{ai_conversation_id}}", "question": "{{ai_question}}", "request_type": "ANALYSIS", "request_id": "{{$guid}}", "context": {"screen": "dashboard"} } | L149: 1. Chạy request đăng nhập phù hợp và lưu access token vào Environment. 2. Điền UUID từ dữ liệu seed/staging; không tự đặt UUID giả nếu case yêu cầu object tồn tại. 3. Đối chiếu actor, membership, Permission và Data Scope trong sheet TEST_DATA. | M149: 201 | N149: UI encode/sanitize; không XSS; disclaimer luôn hiển thị | O149: pm.test('HTTP thuộc [201]', () => pm.expect([201]).to.include(pm.response.code)); pm.test('Response không lộ secret', () => { const t=pm.response.text().toLowerCase(); ['password','refresh_token','access_token','otp_code'].forEach(k => pm.expect(t).not.to.include(k)); }); | P149: Not Run | V149: =IF(P149="Not Run","Chưa chạy",IF(R149="","Thiếu Tester",IF(S149="","Thiếu Ngày chạy",IF(Q149="","Thiếu Actual Result",IF(AND(P149="Fail",T149=""),"Thiếu Defect ID",IF(AND(OR(P149="Fail",P149="Blocked"),U149=""),"Thiếu Evidence","Hợp lệ"))))))

Sheet COM-01
A1: UC-COM-01 – Đăng ký và xác thực tài khoản
A2: Nguồn: COMMON_SERVICES_TEST_PLAN.md | 14 test case
A3: STT | B3: Test Case ID | C3: UC ID | D3: Tên test case | E3: Priority | F3: Loại kiểm thử | G3: Lớp | H3: Endpoint/API | I3: Điều kiện trước | J3: Dữ liệu kiểm thử | K3: Các bước thực hiện | L3: Kết quả mong đợi | M3: Hậu điều kiện cần kiểm tra | N3: Actual Result | O3: Status | P3: Severity nếu lỗi | Q3: Defect ID | R3: Tester | S3: Ngày chạy | T3: Evidence/Link | U3: Automation | V3: Ghi chú
A4: 1 | B4: COM01-01 | C4: UC-COM-01 | D4: Đăng ký đủ dữ liệu hợp lệ và chấp nhận điều khoản | E4: P0 | F4: Functional | G4: API + UI/E2E | H4: POST /api/v1/common/auth/register/ POST /api/v1/common/auth/verify-registration/ POST /api/v1/common/auth/resend-verification/ POST /api/v1/common/auth/change-registration-email/ | I4: Email/username/phone chưa tồn tại, trừ khi test case yêu cầu dữ liệu trùng. Email sandbox hoạt động. | J4: email=qa.com01+<timestamp>@example.com; username=qa_com01_<timestamp>; phone=0901<6 số>; password=StrongPass!2026 | K4: 1. Chuẩn bị dữ liệu đúng mục 'Điều kiện trước' và ghi lại các ID ban đầu. 2. Mở màn hình/API tương ứng ở trạng thái chưa xác thực, trừ khi kịch bản yêu cầu session có sẵn. 3. Thực hiện kịch bản: Đăng ký đủ dữ liệu hợp lệ và chấp nhận điều khoản. 4. Ghi lại HTTP status, response body và thông báo/điều hướng trên UI (nếu có). 5. Kiểm tra response, email sandbox, trạng thái user/challenge và không để lộ password/OTP. 6. So sánh toàn bộ kết quả với cột 'Kết quả mong đợi' và đính kèm evidence nếu Fail/Blocked. | L4: 201; tạo user inactive, IAM account, preference, session state, challenge REGISTER; email OTP được gửi; không trả password/OTP | M4: User, IAM account, preference và challenge nhất quán; không có user rác khi validation lỗi. | O4: Not Run | U4: Candidate
A5: 2 | B5: COM01-02 | C5: UC-COM-01 | D5: Xác thực bằng challenge và OTP đúng | E5: P0 | F5: Functional | G5: API + UI/E2E | H5: POST /api/v1/common/auth/register/ POST /api/v1/common/auth/verify-registration/ POST /api/v1/common/auth/resend-verification/ POST /api/v1/common/auth/change-registration-email/ | I5: Email/username/phone chưa tồn tại, trừ khi test case yêu cầu dữ liệu trùng. Email sandbox hoạt động. | J5: email=qa.com01+<timestamp>@example.com; username=qa_com01_<timestamp>; phone=0901<6 số>; password=StrongPass!2026 Bổ sung: OTP đúng: lấy từ email sandbox; OTP sai: 000000; challenge UUID từ response | K5: 1. Chuẩn bị dữ liệu đúng mục 'Điều kiện trước' và ghi lại các ID ban đầu. 2. Mở màn hình/API tương ứng ở trạng thái chưa xác thực, trừ khi kịch bản yêu cầu session có sẵn. 3. Thực hiện kịch bản: Xác thực bằng challenge và OTP đúng. 4. Ghi lại HTTP status, response body và thông báo/điều hướng trên UI (nếu có). 5. Kiểm tra response, email sandbox, trạng thái user/challenge và không để lộ password/OTP. 6. So sánh toàn bộ kết quả với cột 'Kết quả mong đợi' và đính kèm evidence nếu Fail/Blocked. | L5: 200; user ACTIVE, email được đánh dấu verified, OTP consumed, trả access/refresh và bước tiếp theo | M5: User, IAM account, preference và challenge nhất quán; không có user rác khi validation lỗi. | O5: Not Run | U5: Candidate
A6: 3 | B6: COM01-03 | C6: UC-COM-01 | D6: Nhập sai OTP lần 1–4 | E6: P0 | F6: Functional | G6: API + UI/E2E | H6: POST /api/v1/common/auth/register/ POST /api/v1/common/auth/verify-registration/ POST /api/v1/common/auth/resend-verification/ POST /api/v1/common/auth/change-registration-email/ | I6: Email/username/phone chưa tồn tại, trừ khi test case yêu cầu dữ liệu trùng. Email sandbox hoạt động. | J6: email=qa.com01+<timestamp>@example.com; username=qa_com01_<timestamp>; phone=0901<6 số>; password=StrongPass!2026 Bổ sung: OTP đúng: lấy từ email sandbox; OTP sai: 000000; challenge UUID từ response; AI stub hỗ trợ success, timeout, HTTP 500, invalid JSON và oversized response | K6: 1. Chuẩn bị dữ liệu đúng mục 'Điều kiện trước' và ghi lại các ID ban đầu. 2. Mở màn hình/API tương ứng ở trạng thái chưa xác thực, trừ khi kịch bản yêu cầu session có sẵn. 3. Thực hiện kịch bản: Nhập sai OTP lần 1–4. 4. Ghi lại HTTP status, response body và thông báo/điều hướng trên UI (nếu có). 5. Kiểm tra response, email sandbox, trạng thái user/challenge và không để lộ password/OTP. 6. So sánh toàn bộ kết quả với cột 'Kết quả mong đợi' và đính kèm evidence nếu Fail/Blocked. | L6: 400; không kích hoạt tài khoản; số lần thử tăng đúng | M6: User, IAM account, preference và challenge nhất quán; không có user rác khi validation lỗi. | O6: Not Run | U6: Candidate
A7: 4 | B7: COM01-04 | C7: UC-COM-01 | D7: Nhập sai OTP lần 5 rồi nhập mã đúng | E7: P0 | F7: Functional | G7: API + UI/E2E | H7: POST /api/v1/common/auth/register/ POST /api/v1/common/auth/verify-registration/ POST /api/v1/common/auth/resend-verification/ POST /api/v1/common/auth/change-registration-email/ | I7: Email/username/phone chưa tồn tại, trừ khi test case yêu cầu dữ liệu trùng. Email sandbox hoạt động. | J7: email=qa.com01+<timestamp>@example.com; username=qa_com01_<timestamp>; phone=0901<6 số>; password=StrongPass!2026 Bổ sung: OTP đúng: lấy từ email sandbox; OTP sai: 000000; challenge UUID từ response; AI stub hỗ trợ success, timeout, HTTP 500, invalid JSON và oversized response | K7: 1. Chuẩn bị dữ liệu đúng mục 'Điều kiện trước' và ghi lại các ID ban đầu. 2. Mở màn hình/API tương ứng ở trạng thái chưa xác thực, trừ khi kịch bản yêu cầu session có sẵn. 3. Thực hiện kịch bản: Nhập sai OTP lần 5 rồi nhập mã đúng. 4. Ghi lại HTTP status, response body và thông báo/điều hướng trên UI (nếu có). 5. Kiểm tra response, email sandbox, trạng thái user/challenge và không để lộ password/OTP. 6. So sánh toàn bộ kết quả với cột 'Kết quả mong đợi' và đính kèm evidence nếu Fail/Blocked. | L7: Challenge bị vô hiệu; mã đúng sau đó vẫn bị từ chối | M7: User, IAM account, preference và challenge nhất quán; không có user rác khi validation lỗi. | O7: Not Run | U7: Candidate
A8: 5 | B8: COM01-05 | C8: UC-COM-01 | D8: OTP hết hạn hoặc đã dùng | E8: P0 | F8: Functional | G8: API + UI/E2E | H8: POST /api/v1/common/auth/register/ POST /api/v1/common/auth/verify-registration/ POST /api/v1/common/auth/resend-verification/ POST /api/v1/common/auth/change-registration-email/ | I8: Email/username/phone chưa tồn tại, trừ khi test case yêu cầu dữ liệu trùng. Email sandbox hoạt động. | J8: email=qa.com01+<timestamp>@example.com; username=qa_com01_<timestamp>; phone=0901<6 số>; password=StrongPass!2026 Bổ sung: OTP đúng: lấy từ email sandbox; OTP sai: 000000; challenge UUID từ response; Điều chỉnh expires_at về quá khứ bằng fixture/admin test | K8: 1. Chuẩn bị dữ liệu đúng mục 'Điều kiện trước' và ghi lại các ID ban đầu. 2. Mở màn hình/API tương ứng ở trạng thái chưa xác thực, trừ khi kịch bản yêu cầu session có sẵn. 3. Thực hiện kịch bản: OTP hết hạn hoặc đã dùng. 4. Ghi lại HTTP status, response body và thông báo/điều hướng trên UI (nếu có). 5. Kiểm tra response, email sandbox, trạng thái user/challenge và không để lộ password/OTP. 6. So sánh toàn bộ kết quả với cột 'Kết quả mong đợi' và đính kèm evidence nếu Fail/Blocked. | L8: 400; không kích hoạt; không thể replay OTP | M8: User, IAM account, preference và challenge nhất quán; không có user rác khi validation lỗi. | O8: Not Run | U8: Candidate
A9: 6 | B9: COM01-06 | C9: UC-COM-01 | D9: Gửi lại OTP sau cooldown | E9: P1 | F9: Functional | G9: API + UI/E2E | H9: POST /api/v1/common/auth/register/ POST /api/v1/common/auth/verify-registration/ POST /api/v1/common/auth/resend-verification/ POST /api/v1/common/auth/change-registration-email/ | I9: Email/username/phone chưa tồn tại, trừ khi test case yêu cầu dữ liệu trùng. Email sandbox hoạt động. | J9: email=qa.com01+<timestamp>@example.com; username=qa_com01_<timestamp>; phone=0901<6 số>; password=StrongPass!2026 Bổ sung: OTP đúng: lấy từ email sandbox; OTP sai: 000000; challenge UUID từ response | K9: 1. Chuẩn bị dữ liệu đúng mục 'Điều kiện trước' và ghi lại các ID ban đầu. 2. Mở màn hình/API tương ứng ở trạng thái chưa xác thực, trừ khi kịch bản yêu cầu session có sẵn. 3. Thực hiện kịch bản: Gửi lại OTP sau cooldown. 4. Ghi lại HTTP status, response body và thông báo/điều hướng trên UI (nếu có). 5. Kiểm tra response, email sandbox, trạng thái user/challenge và không để lộ password/OTP. 6. So sánh toàn bộ kết quả với cột 'Kết quả mong đợi' và đính kèm evidence nếu Fail/Blocked. | L9: 202; challenge cũ consumed, challenge mới có hiệu lực, gửi đúng email | M9: User, IAM account, preference và challenge nhất quán; không có user rác khi validation lỗi. | O9: Not Run | U9: Candidate
A10: 7 | B10: COM01-07 | C10: UC-COM-01 | D10: Gửi lại OTP trong 60 giây | E10: P1 | F10: Functional | G10: API + UI/E2E | H10: POST /api/v1/common/auth/register/ POST /api/v1/common/auth/verify-registration/ POST /api/v1/common/auth/resend-verification/ POST /api/v1/common/auth/change-registration-email/ | I10: Email/username/phone chưa tồn tại, trừ khi test case yêu cầu dữ liệu trùng. Email sandbox hoạt động. | J10: email=qa.com01+<timestamp>@example.com; username=qa_com01_<timestamp>; phone=0901<6 số>; password=StrongPass!2026 Bổ sung: OTP đúng: lấy từ email sandbox; OTP sai: 000000; challenge UUID từ response | K10: 1. Chuẩn bị dữ liệu đúng mục 'Điều kiện trước' và ghi lại các ID ban đầu. 2. Mở màn hình/API tương ứng ở trạng thái chưa xác thực, trừ khi kịch bản yêu cầu session có sẵn. 3. Thực hiện kịch bản: Gửi lại OTP trong 60 giây. 4. Ghi lại HTTP status, response body và thông báo/điều hướng trên UI (nếu có). 5. Kiểm tra response, email sandbox, trạng thái user/challenge và không để lộ password/OTP. 6. So sánh toàn bộ kết quả với cột 'Kết quả mong đợi' và đính kèm evidence nếu Fail/Blocked. | L10: 400 và có retry_after; không gửi thêm email | M10: User, IAM account, preference và challenge nhất quán; không có user rác khi validation lỗi. | O10: Not Run | U10: Candidate
A11: 8 | B11: COM01-08 | C11: UC-COM-01 | D11: Email/username/số điện thoại trùng, kể cả khác hoa thường | E11: P0 | F11: Functional | G11: API + UI/E2E | H11: POST /api/v1/common/auth/register/ POST /api/v1/common/auth/verify-registration/ POST /api/v1/common/auth/resend-verification/ POST /api/v1/common/auth/change-registration-email/ | I11: Email/username/phone chưa tồn tại, trừ khi test case yêu cầu dữ liệu trùng. Email sandbox hoạt động. | J11: email=qa.com01+<timestamp>@example.com; username=qa_com01_<timestamp>; phone=0901<6 số>; password=StrongPass!2026 Bổ sung: Chuẩn bị trước một bản ghi có cùng giá trị cần kiểm tra; AI stub hỗ trợ success, timeout, HTTP 500, invalid JSON và oversized response | K11: 1. Chuẩn bị dữ liệu đúng mục 'Điều kiện trước' và ghi lại các ID ban đầu. 2. Mở màn hình/API tương ứng ở trạng thái chưa xác thực, trừ khi kịch bản yêu cầu session có sẵn. 3. Thực hiện kịch bản: Email/username/số điện thoại trùng, kể cả khác hoa thường. 4. Ghi lại HTTP status, response body và thông báo/điều hướng trên UI (nếu có). 5. Kiểm tra response, email sandbox, trạng thái user/challenge và không để lộ password/OTP. 6. So sánh toàn bộ kết quả với cột 'Kết quả mong đợi' và đính kèm evidence nếu Fail/Blocked. | L11: 400; không tạo bản ghi dở dang | M11: User, IAM account, preference và challenge nhất quán; không có user rác khi validation lỗi. | O11: Not Run | U11: Candidate
A12: 9 | B12: COM01-09 | C12: UC-COM-01 | D12: Mật khẩu yếu, xác nhận sai, chưa chấp nhận điều khoản | E12: P1 | F12: Functional | G12: API + UI/E2E | H12: POST /api/v1/common/auth/register/ POST /api/v1/common/auth/verify-registration/ POST /api/v1/common/auth/resend-verification/ POST /api/v1/common/auth/change-registration-email/ | I12: Email/username/phone chưa tồn tại, trừ khi test case yêu cầu dữ liệu trùng. Email sandbox hoạt động. | J12: email=qa.com01+<timestamp>@example.com; username=qa_com01_<timestamp>; phone=0901<6 số>; password=StrongPass!2026 Bổ sung: password yếu: 12345678 / password / khongKyTuDacBiet1; AI stub hỗ trợ success, timeout, HTTP 500, invalid JSON và oversized response | K12: 1. Chuẩn bị dữ liệu đúng mục 'Điều kiện trước' và ghi lại các ID ban đầu. 2. Mở màn hình/API tương ứng ở trạng thái chưa xác thực, trừ khi kịch bản yêu cầu session có sẵn. 3. Thực hiện kịch bản: Mật khẩu yếu, xác nhận sai, chưa chấp nhận điều khoản. 4. Ghi lại HTTP status, response body và thông báo/điều hướng trên UI (nếu có). 5. Kiểm tra response, email sandbox, trạng thái user/challenge và không để lộ password/OTP. 6. So sánh toàn bộ kết quả với cột 'Kết quả mong đợi' và đính kèm evidence nếu Fail/Blocked. | L12: 400 theo đúng field; không tạo user | M12: User, IAM account, preference và challenge nhất quán; không có user rác khi validation lỗi. | O12: Not Run | U12: Candidate
A13: 10 | B13: COM01-10 | C13: UC-COM-01 | D13: Email/phone sai định dạng; tên chỉ có khoảng trắng; field vượt max length | E13: P1 | F13: Functional | G13: API + UI/E2E | H13: POST /api/v1/common/auth/register/ POST /api/v1/common/auth/verify-registration/ POST /api/v1/common/auth/resend-verification/ POST /api/v1/common/auth/change-registration-email/ | I13: Email/username/phone chưa tồn tại, trừ khi test case yêu cầu dữ liệu trùng. Email sandbox hoạt động. | J13: email=qa.com01+<timestamp>@example.com; username=qa_com01_<timestamp>; phone=0901<6 số>; password=StrongPass!2026 Bổ sung: AI stub hỗ trợ success, timeout, HTTP 500, invalid JSON và oversized response | K13: 1. Chuẩn bị dữ liệu đúng mục 'Điều kiện trước' và ghi lại các ID ban đầu. 2. Mở màn hình/API tương ứng ở trạng thái chưa xác thực, trừ khi kịch bản yêu cầu session có sẵn. 3. Thực hiện kịch bản: Email/phone sai định dạng; tên chỉ có khoảng trắng; field vượt max length. 4. Ghi lại HTTP status, response body và thông báo/điều hướng trên UI (nếu có). 5. Kiểm tra response, email sandbox, trạng thái user/challenge và không để lộ password/OTP. 6. So sánh toàn bộ kết quả với cột 'Kết quả mong đợi' và đính kèm evidence nếu Fail/Blocked. | L13: 400 và thông báo validation phù hợp | M13: User, IAM account, preference và challenge nhất quán; không có user rác khi validation lỗi. | O13: Not Run | U13: Candidate
A14: 11 | B14: COM01-11 | C14: UC-COM-01 | D14: Đổi email khi đang chờ xác thực bằng challenge hợp lệ | E14: P1 | F14: Functional | G14: API + UI/E2E | H14: POST /api/v1/common/auth/register/ POST /api/v1/common/auth/verify-registration/ POST /api/v1/common/auth/resend-verification/ POST /api/v1/common/auth/change-registration-email/ | I14: Email/username/phone chưa tồn tại, trừ khi test case yêu cầu dữ liệu trùng. Email sandbox hoạt động. | J14: email=qa.com01+<timestamp>@example.com; username=qa_com01_<timestamp>; phone=0901<6 số>; password=StrongPass!2026 Bổ sung: AI stub hỗ trợ success, timeout, HTTP 500, invalid JSON và oversized response | K14: 1. Chuẩn bị dữ liệu đúng mục 'Điều kiện trước' và ghi lại các ID ban đầu. 2. Mở màn hình/API tương ứng ở trạng thái chưa xác thực, trừ khi kịch bản yêu cầu session có sẵn. 3. Thực hiện kịch bản: Đổi email khi đang chờ xác thực bằng challenge hợp lệ. 4. Ghi lại HTTP status, response body và thông báo/điều hướng trên UI (nếu có). 5. Kiểm tra response, email sandbox, trạng thái user/challenge và không để lộ password/OTP. 6. So sánh toàn bộ kết quả với cột 'Kết quả mong đợi' và đính kèm evidence nếu Fail/Blocked. | L14: Email/user preference cập nhật; OTP cũ mất hiệu lực; OTP mới gửi đến email mới | M14: User, IAM account, preference và challenge nhất quán; không có user rác khi validation lỗi. | O14: Not Run | U14: Candidate
A15: 12 | B15: COM01-12 | C15: UC-COM-01 | D15: Đổi sang email đã dùng hoặc dùng challenge của đăng ký đã active | E15: P0 | F15: Functional | G15: API + UI/E2E | H15: POST /api/v1/common/auth/register/ POST /api/v1/common/auth/verify-registration/ POST /api/v1/common/auth/resend-verification/ POST /api/v1/common/auth/change-registration-email/ | I15: Email/username/phone chưa tồn tại, trừ khi test case yêu cầu dữ liệu trùng. Email sandbox hoạt động. | J15: email=qa.com01+<timestamp>@example.com; username=qa_com01_<timestamp>; phone=0901<6 số>; password=StrongPass!2026 Bổ sung: AI stub hỗ trợ success, timeout, HTTP 500, invalid JSON và oversized response | K15: 1. Chuẩn bị dữ liệu đúng mục 'Điều kiện trước' và ghi lại các ID ban đầu. 2. Mở màn hình/API tương ứng ở trạng thái chưa xác thực, trừ khi kịch bản yêu cầu session có sẵn. 3. Thực hiện kịch bản: Đổi sang email đã dùng hoặc dùng challenge của đăng ký đã active. 4. Ghi lại HTTP status, response body và thông báo/điều hướng trên UI (nếu có). 5. Kiểm tra response, email sandbox, trạng thái user/challenge và không để lộ password/OTP. 6. So sánh toàn bộ kết quả với cột 'Kết quả mong đợi' và đính kèm evidence nếu Fail/Blocked. | L15: 400; không thay đổi email | M15: User, IAM account, preference và challenge nhất quán; không có user rác khi validation lỗi. | O15: Not Run | U15: Candidate
... A17: 14 | B17: COM01-14 | C17: UC-COM-01 | D17: Vượt rate limit đăng ký/OTP theo email hoặc IP | E17: P0 | F17: Security/Authorization | G17: API + Integration | H17: POST /api/v1/common/auth/register/ POST /api/v1/common/auth/verify-registration/ POST /api/v1/common/auth/resend-verification/ POST /api/v1/common/auth/change-registration-email/ | I17: Email/username/phone chưa tồn tại, trừ khi test case yêu cầu dữ liệu trùng. Email sandbox hoạt động. | J17: email=qa.com01+<timestamp>@example.com; username=qa_com01_<timestamp>; phone=0901<6 số>; password=StrongPass!2026 Bổ sung: OTP đúng: lấy từ email sandbox; OTP sai: 000000; challenge UUID từ response; Gửi request liên tiếp vượt ngưỡng cấu hình từ cùng identifier/IP; AI stub hỗ trợ success, timeout, HTTP 500, invalid JSON và oversized response | K17: 1. Chuẩn bị dữ liệu đúng mục 'Điều kiện trước' và ghi lại các ID ban đầu. 2. Mở màn hình/API tương ứng ở trạng thái chưa xác thực, trừ khi kịch bản yêu cầu session có sẵn. 3. Thực hiện kịch bản: Vượt rate limit đăng ký/OTP theo email hoặc IP. 4. Ghi lại HTTP status, response body và thông báo/điều hướng trên UI (nếu có). 5. Kiểm tra response, email sandbox, trạng thái user/challenge và không để lộ password/OTP. 6. So sánh toàn bộ kết quả với cột 'Kết quả mong đợi' và đính kèm evidence nếu Fail/Blocked. | L17: 429; khóa theo bucket đúng và không làm lộ OTP/dữ liệu tài khoản | M17: User, IAM account, preference và challenge nhất quán; không có user rác khi validation lỗi. | O17: Not Run | U17: Candidate

Sheet COM-02
A1: UC-COM-02 – Gửi yêu cầu tham gia doanh nghiệp
A2: Nguồn: COMMON_SERVICES_TEST_PLAN.md | 14 test case
A3: STT | B3: Test Case ID | C3: UC ID | D3: Tên test case | E3: Priority | F3: Loại kiểm thử | G3: Lớp | H3: Endpoint/API | I3: Điều kiện trước | J3: Dữ liệu kiểm thử | K3: Các bước thực hiện | L3: Kết quả mong đợi | M3: Hậu điều kiện cần kiểm tra | N3: Actual Result | O3: Status | P3: Severity nếu lỗi | Q3: Defect ID | R3: Tester | S3: Ngày chạy | T3: Evidence/Link | U3: Automation | V3: Ghi chú
A4: 1 | B4: COM02-01 | C4: UC-COM-02 | D4: Tìm doanh nghiệp theo mã/tên/mã số thuế với từ khóa >= 2 ký tự | E4: P1 | F4: Security/Authorization | G4: API + Integration | H4: GET /api/v1/common/companies/search/ GET|POST /api/v1/common/join-requests/ POST /api/v1/common/join-requests/{id}/cancel/ GET /api/v1/common/company-join-requests/ POST /api/v1/common/company-join-requests/{id}/decide/ | I4: Có U2 (applicant), U7 (admin C1), C1 ACTIVE và Permission phù hợp theo từng test case. | J4: applicant=U2; admin=U7; company=C1; message=Xin tham gia doanh nghiệp | K4: 1. Chuẩn bị dữ liệu đúng mục 'Điều kiện trước' và ghi lại các ID ban đầu. 2. Đăng nhập bằng đúng actor/role và chọn company/branch theo điều kiện trước. 3. Thực hiện kịch bản: Tìm doanh nghiệp theo mã/tên/mã số thuế với từ khóa >= 2 ký tự. 4. Ghi lại HTTP status, response body và thông báo/điều hướng trên UI (nếu có). 5. Kiểm tra request, membership, quyết định, thông báo và quyền của cả applicant/admin. 6. So sánh toàn bộ kết quả với cột 'Kết quả mong đợi' và đính kèm evidence nếu Fail/Blocked. | L4: Chỉ trả doanh nghiệp ACTIVE, tối đa 20; mã số thuế được che chỉ còn 4 số cuối | M4: Không có pending request/membership/notification trùng; decided_by/at chính xác. | O4: Not Run | U4: Candidate
A5: 2 | B5: COM02-02 | C5: UC-COM-02 | D5: Từ khóa tìm doanh nghiệp < 2 ký tự | E5: P1 | F5: Security/Authorization | G5: API + Integration | H5: GET /api/v1/common/companies/search/ GET|POST /api/v1/common/join-requests/ POST /api/v1/common/join-requests/{id}/cancel/ GET /api/v1/common/company-join-requests/ POST /api/v1/common/company-join-requests/{id}/decide/ | I5: Có U2 (applicant), U7 (admin C1), C1 ACTIVE và Permission phù hợp theo từng test case. | J5: applicant=U2; admin=U7; company=C1; message=Xin tham gia doanh nghiệp | K5: 1. Chuẩn bị dữ liệu đúng mục 'Điều kiện trước' và ghi lại các ID ban đầu. 2. Đăng nhập bằng đúng actor/role và chọn company/branch theo điều kiện trước. 3. Thực hiện kịch bản: Từ khóa tìm doanh nghiệp < 2 ký tự. 4. Ghi lại HTTP status, response body và thông báo/điều hướng trên UI (nếu có). 5. Kiểm tra request, membership, quyết định, thông báo và quyền của cả applicant/admin. 6. So sánh toàn bộ kết quả với cột 'Kết quả mong đợi' và đính kèm evidence nếu Fail/Blocked. | L5: 400; không trả toàn bộ danh sách | M5: Không có pending request/membership/notification trùng; decided_by/at chính xác. | O5: Not Run | U5: Candidate
A6: 3 | B6: COM02-03 | C6: UC-COM-02 | D6: Gửi yêu cầu hợp lệ tới C1 | E6: P0 | F6: Functional | G6: API + UI/E2E | H6: GET /api/v1/common/companies/search/ GET|POST /api/v1/common/join-requests/ POST /api/v1/common/join-requests/{id}/cancel/ GET /api/v1/common/company-join-requests/ POST /api/v1/common/company-join-requests/{id}/decide/ | I6: Có U2 (applicant), U7 (admin C1), C1 ACTIVE và Permission phù hợp theo từng test case. | J6: applicant=U2; admin=U7; company=C1; message=Xin tham gia doanh nghiệp | K6: 1. Chuẩn bị dữ liệu đúng mục 'Điều kiện trước' và ghi lại các ID ban đầu. 2. Đăng nhập bằng đúng actor/role và chọn company/branch theo điều kiện trước. 3. Thực hiện kịch bản: Gửi yêu cầu hợp lệ tới C1. 4. Ghi lại HTTP status, response body và thông báo/điều hướng trên UI (nếu có). 5. Kiểm tra request, membership, quyết định, thông báo và quyền của cả applicant/admin. 6. So sánh toàn bộ kết quả với cột 'Kết quả mong đợi' và đính kèm evidence nếu Fail/Blocked. | L6: 201; status PENDING, requester là user hiện tại, ngày hết hạn đúng; thông báo cho requester/admin | M6: Không có pending request/membership/notification trùng; decided_by/at chính xác. | O6: Not Run | U6: Candidate
A7: 4 | B7: COM02-04 | C7: UC-COM-02 | D7: Gửi yêu cầu PENDING trùng C1 | E7: P0 | F7: Functional | G7: API + UI/E2E | H7: GET /api/v1/common/companies/search/ GET|POST /api/v1/common/join-requests/ POST /api/v1/common/join-requests/{id}/cancel/ GET /api/v1/common/company-join-requests/ POST /api/v1/common/company-join-requests/{id}/decide/ | I7: Có U2 (applicant), U7 (admin C1), C1 ACTIVE và Permission phù hợp theo từng test case. | J7: applicant=U2; admin=U7; company=C1; message=Xin tham gia doanh nghiệp Bổ sung: Chuẩn bị trước một bản ghi có cùng giá trị cần kiểm tra | K7: 1. Chuẩn bị dữ liệu đúng mục 'Điều kiện trước' và ghi lại các ID ban đầu. 2. Đăng nhập bằng đúng actor/role và chọn company/branch theo điều kiện trước. 3. Thực hiện kịch bản: Gửi yêu cầu PENDING trùng C1. 4. Ghi lại HTTP status, response body và thông báo/điều hướng trên UI (nếu có). 5. Kiểm tra request, membership, quyết định, thông báo và quyền của cả applicant/admin. 6. So sánh toàn bộ kết quả với cột 'Kết quả mong đợi' và đính kèm evidence nếu Fail/Blocked. | L7: 400; chỉ tồn tại một yêu cầu pending | M7: Không có pending request/membership/notification trùng; decided_by/at chính xác. | O7: Not Run | U7: Candidate
A8: 5 | B8: COM02-05 | C8: UC-COM-02 | D8: Gửi yêu cầu bằng invitation code hợp lệ | E8: P1 | F8: Functional | G8: API + UI/E2E | H8: GET /api/v1/common/companies/search/ GET|POST /api/v1/common/join-requests/ POST /api/v1/common/join-requests/{id}/cancel/ GET /api/v1/common/company-join-requests/ POST /api/v1/common/company-join-requests/{id}/decide/ | I8: Có U2 (applicant), U7 (admin C1), C1 ACTIVE và Permission phù hợp theo từng test case. | J8: applicant=U2; admin=U7; company=C1; message=Xin tham gia doanh nghiệp | K8: 1. Chuẩn bị dữ liệu đúng mục 'Điều kiện trước' và ghi lại các ID ban đầu. 2. Đăng nhập bằng đúng actor/role và chọn company/branch theo điều kiện trước. 3. Thực hiện kịch bản: Gửi yêu cầu bằng invitation code hợp lệ. 4. Ghi lại HTTP status, response body và thông báo/điều hướng trên UI (nếu có). 5. Kiểm tra request, membership, quyết định, thông báo và quyền của cả applicant/admin. 6. So sánh toàn bộ kết quả với cột 'Kết quả mong đợi' và đính kèm evidence nếu Fail/Blocked. | L8: Chọn đúng doanh nghiệp; tăng use count; auto-approve nếu invitation cấu hình như vậy | M8: Không có pending request/membership/notification trùng; decided_by/at chính xác. | O8: Not Run | U8: Candidate
A9: 6 | B9: COM02-06 | C9: UC-COM-02 | D9: Invitation hết hạn/bị thu hồi/sai/vượt max use | E9: P0 | F9: Functional | G9: API + UI/E2E | H9: GET /api/v1/common/companies/search/ GET|POST /api/v1/common/join-requests/ POST /api/v1/common/join-requests/{id}/cancel/ GET /api/v1/common/company-join-requests/ POST /api/v1/common/company-join-requests/{id}/decide/ | I9: Có U2 (applicant), U7 (admin C1), C1 ACTIVE và Permission phù hợp theo từng test case. | J9: applicant=U2; admin=U7; company=C1; message=Xin tham gia doanh nghiệp Bổ sung: Điều chỉnh expires_at về quá khứ bằng fixture/admin test; AI stub hỗ trợ success, timeout, HTTP 500, invalid JSON và oversized response | K9: 1. Chuẩn bị dữ liệu đúng mục 'Điều kiện trước' và ghi lại các ID ban đầu. 2. Đăng nhập bằng đúng actor/role và chọn company/branch theo điều kiện trước. 3. Thực hiện kịch bản: Invitation hết hạn/bị thu hồi/sai/vượt max use. 4. Ghi lại HTTP status, response body và thông báo/điều hướng trên UI (nếu có). 5. Kiểm tra request, membership, quyết định, thông báo và quyền của cả applicant/admin. 6. So sánh toàn bộ kết quả với cột 'Kết quả mong đợi' và đính kèm evidence nếu Fail/Blocked. | L9: 400; không tạo membership hoặc tăng use count sai | M9: Không có pending request/membership/notification trùng; decided_by/at chính xác. | O9: Not Run | U9: Candidate
A10: 7 | B10: COM02-07 | C10: UC-COM-02 | D10: User đã là thành viên ACTIVE của C1 vẫn gửi yêu cầu | E10: P0 | F10: Functional | G10: API + UI/E2E | H10: GET /api/v1/common/companies/search/ GET|POST /api/v1/common/join-requests/ POST /api/v1/common/join-requests/{id}/cancel/ GET /api/v1/common/company-join-requests/ POST /api/v1/common/company-join-requests/{id}/decide/ | I10: Có U2 (applicant), U7 (admin C1), C1 ACTIVE và Permission phù hợp theo từng test case. | J10: applicant=U2; admin=U7; company=C1; message=Xin tham gia doanh nghiệp | K10: 1. Chuẩn bị dữ liệu đúng mục 'Điều kiện trước' và ghi lại các ID ban đầu. 2. Đăng nhập bằng đúng actor/role và chọn company/branch theo điều kiện trước. 3. Thực hiện kịch bản: User đã là thành viên ACTIVE của C1 vẫn gửi yêu cầu. 4. Ghi lại HTTP status, response body và thông báo/điều hướng trên UI (nếu có). 5. Kiểm tra request, membership, quyết định, thông báo và quyền của cả applicant/admin. 6. So sánh toàn bộ kết quả với cột 'Kết quả mong đợi' và đính kèm evidence nếu Fail/Blocked. | L10: Bị từ chối; không tạo yêu cầu trùng | M10: Không có pending request/membership/notification trùng; decided_by/at chính xác. | O10: Not Run | U10: Candidate
A11: 8 | B11: COM02-08 | C11: UC-COM-02 | D11: Requester hủy yêu cầu PENDING của chính mình | E11: P1 | F11: Functional | G11: API + UI/E2E | H11: GET /api/v1/common/companies/search/ GET|POST /api/v1/common/join-requests/ POST /api/v1/common/join-requests/{id}/cancel/ GET /api/v1/common/company-join-requests/ POST /api/v1/common/company-join-requests/{id}/decide/ | I11: Có U2 (applicant), U7 (admin C1), C1 ACTIVE và Permission phù hợp theo từng test case. | J11: applicant=U2; admin=U7; company=C1; message=Xin tham gia doanh nghiệp | K11: 1. Chuẩn bị dữ liệu đúng mục 'Điều kiện trước' và ghi lại các ID ban đầu. 2. Đăng nhập bằng đúng actor/role và chọn company/branch theo điều kiện trước. 3. Thực hiện kịch bản: Requester hủy yêu cầu PENDING của chính mình. 4. Ghi lại HTTP status, response body và thông báo/điều hướng trên UI (nếu có). 5. Kiểm tra request, membership, quyết định, thông báo và quyền của cả applicant/admin. 6. So sánh toàn bộ kết quả với cột 'Kết quả mong đợi' và đính kèm evidence nếu Fail/Blocked. | L11: Status CANCELLED, ghi thời điểm/lịch sử phù hợp; admin không thể duyệt sau đó | M11: Không có pending request/membership/notification trùng; decided_by/at chính xác. | O11: Not Run | U11: Candidate
A12: 9 | B12: COM02-09 | C12: UC-COM-02 | D12: User khác hủy hoặc xem chi tiết yêu cầu không thuộc mình | E12: P0 | F12: Security/Authorization | G12: API + Integration | H12: GET /api/v1/common/companies/search/ GET|POST /api/v1/common/join-requests/ POST /api/v1/common/join-requests/{id}/cancel/ GET /api/v1/common/company-join-requests/ POST /api/v1/common/company-join-requests/{id}/decide/ | I12: Có U2 (applicant), U7 (admin C1), C1 ACTIVE và Permission phù hợp theo từng test case. | J12: applicant=U2; admin=U7; company=C1; message=Xin tham gia doanh nghiệp | K12: 1. Chuẩn bị dữ liệu đúng mục 'Điều kiện trước' và ghi lại các ID ban đầu. 2. Đăng nhập bằng đúng actor/role và chọn company/branch theo điều kiện trước. 3. Thực hiện kịch bản: User khác hủy hoặc xem chi tiết yêu cầu không thuộc mình. 4. Ghi lại HTTP status, response body và thông báo/điều hướng trên UI (nếu có). 5. Kiểm tra request, membership, quyết định, thông báo và quyền của cả applicant/admin. 6. So sánh toàn bộ kết quả với cột 'Kết quả mong đợi' và đính kèm evidence nếu Fail/Blocked. | L12: 404/403; không lộ nội dung yêu cầu | M12: Không có pending request/membership/notification trùng; decided_by/at chính xác. | O12: Not Run | U12: Candidate
A13: 10 | B13: COM02-10 | C13: UC-COM-02 | D13: Admin đủ quyền duyệt APPROVED | E13: P0 | F13: Functional | G13: API + UI/E2E | H13: GET /api/v1/common/companies/search/ GET|POST /api/v1/common/join-requests/ POST /api/v1/common/join-requests/{id}/cancel/ GET /api/v1/common/company-join-requests/ POST /api/v1/common/company-join-requests/{id}/decide/ | I13: Có U2 (applicant), U7 (admin C1), C1 ACTIVE và Permission phù hợp theo từng test case. | J13: applicant=U2; admin=U7; company=C1; message=Xin tham gia doanh nghiệp | K13: 1. Chuẩn bị dữ liệu đúng mục 'Điều kiện trước' và ghi lại các ID ban đầu. 2. Đăng nhập bằng đúng actor/role và chọn company/branch theo điều kiện trước. 3. Thực hiện kịch bản: Admin đủ quyền duyệt APPROVED. 4. Ghi lại HTTP status, response body và thông báo/điều hướng trên UI (nếu có). 5. Kiểm tra request, membership, quyết định, thông báo và quyền của cả applicant/admin. 6. So sánh toàn bộ kết quả với cột 'Kết quả mong đợi' và đính kèm evidence nếu Fail/Blocked. | L13: Tạo/khôi phục membership ACTIVE đúng user/C1; ghi decided_by/at/reason; gửi thông báo; idempotency được kiểm soát | M13: Không có pending request/membership/notification trùng; decided_by/at chính xác. | O13: Not Run | U13: Candidate
A14: 11 | B14: COM02-11 | C14: UC-COM-02 | D14: Admin từ chối REJECTED | E14: P1 | F14: Functional | G14: API + UI/E2E | H14: GET /api/v1/common/companies/search/ GET|POST /api/v1/common/join-requests/ POST /api/v1/common/join-requests/{id}/cancel/ GET /api/v1/common/company-join-requests/ POST /api/v1/common/company-join-requests/{id}/decide/ | I14: Có U2 (applicant), U7 (admin C1), C1 ACTIVE và Permission phù hợp theo từng test case. | J14: applicant=U2; admin=U7; company=C1; message=Xin tham gia doanh nghiệp | K14: 1. Chuẩn bị dữ liệu đúng mục 'Điều kiện trước' và ghi lại các ID ban đầu. 2. Đăng nhập bằng đúng actor/role và chọn company/branch theo điều kiện trước. 3. Thực hiện kịch bản: Admin từ chối REJECTED. 4. Ghi lại HTTP status, response body và thông báo/điều hướng trên UI (nếu có). 5. Kiểm tra request, membership, quyết định, thông báo và quyền của cả applicant/admin. 6. So sánh toàn bộ kết quả với cột 'Kết quả mong đợi' và đính kèm evidence nếu Fail/Blocked. | L14: Không tạo membership; lưu reason và gửi thông báo requester | M14: Không có pending request/membership/notification trùng; decided_by/at chính xác. | O14: Not Run | U14: Candidate
A15: 12 | B15: COM02-12 | C15: UC-COM-02 | D15: Người không có VIEW/APPROVE hoặc admin C2 xử lý yêu cầu C1 | E15: P0 | F15: Security/Authorization | G15: API + Integration | H15: GET /api/v1/common/companies/search/ GET|POST /api/v1/common/join-requests/ POST /api/v1/common/join-requests/{id}/cancel/ GET /api/v1/common/company-join-requests/ POST /api/v1/common/company-join-requests/{id}/decide/ | I15: Có U2 (applicant), U7 (admin C1), C1 ACTIVE và Permission phù hợp theo từng test case. | J15: applicant=U2; admin=U7; company=C1; message=Xin tham gia doanh nghiệp Bổ sung: Dùng UUID hợp lệ nhưng thuộc C2 hoặc branch ngoài Data Scope | K15: 1. Chuẩn bị dữ liệu đúng mục 'Điều kiện trước' và ghi lại các ID ban đầu. 2. Đăng nhập bằng đúng actor/role và chọn company/branch theo điều kiện trước. 3. Thực hiện kịch bản: Người không có VIEW/APPROVE hoặc admin C2 xử lý yêu cầu C1. 4. Ghi lại HTTP status, response body và thông báo/điều hướng trên UI (nếu có). 5. Kiểm tra request, membership, quyết định, thông báo và quyền của cả applicant/admin. 6. So sánh toàn bộ kết quả với cột 'Kết quả mong đợi' và đính kèm evidence nếu Fail/Blocked. | L15: 403/404; không thay đổi yêu cầu | M15: Không có pending request/membership/notification trùng; decided_by/at chính xác. | O15: Not Run | U15: Candidate
... A17: 14 | B17: COM02-14 | C17: UC-COM-02 | D17: Hai admin duyệt đồng thời cùng yêu cầu | E17: P1 | F17: Concurrency/Idempotency | G17: Integration | H17: GET /api/v1/common/companies/search/ GET|POST /api/v1/common/join-requests/ POST /api/v1/common/join-requests/{id}/cancel/ GET /api/v1/common/company-join-requests/ POST /api/v1/common/company-join-requests/{id}/decide/ | I17: Có U2 (applicant), U7 (admin C1), C1 ACTIVE và Permission phù hợp theo từng test case. | J17: applicant=U2; admin=U7; company=C1; message=Xin tham gia doanh nghiệp Bổ sung: Dùng hai client/worker gửi request cùng thời điểm; AI stub hỗ trợ success, timeout, HTTP 500, invalid JSON và oversized response | K17: 1. Chuẩn bị dữ liệu đúng mục 'Điều kiện trước' và ghi lại các ID ban đầu. 2. Đăng nhập bằng đúng actor/role và chọn company/branch theo điều kiện trước. 3. Thực hiện kịch bản: Hai admin duyệt đồng thời cùng yêu cầu. 4. Ghi lại HTTP status, response body và thông báo/điều hướng trên UI (nếu có). 5. Kiểm tra request, membership, quyết định, thông báo và quyền của cả applicant/admin. 6. So sánh toàn bộ kết quả với cột 'Kết quả mong đợi' và đính kèm evidence nếu Fail/Blocked. | L17: Chỉ một quyết định hiệu lực; không tạo membership trùng hoặc thông báo trùng | M17: Không có pending request/membership/notification trùng; decided_by/at chính xác. | O17: Not Run | U17: Candidate

Sheet COM-03
A1: UC-COM-03 – Đăng nhập
A2: Nguồn: COMMON_SERVICES_TEST_PLAN.md | 13 test case
A3: STT | B3: Test Case ID | C3: UC ID | D3: Tên test case | E3: Priority | F3: Loại kiểm thử | G3: Lớp | H3: Endpoint/API | I3: Điều kiện trước | J3: Dữ liệu kiểm thử | K3: Các bước thực hiện | L3: Kết quả mong đợi | M3: Hậu điều kiện cần kiểm tra | N3: Actual Result | O3: Status | P3: Severity nếu lỗi | Q3: Defect ID | R3: Tester | S3: Ngày chạy | T3: Evidence/Link | U3: Automation | V3: Ghi chú
A4: 1 | B4: COM03-01 | C4: UC-COM-03 | D4: Đăng nhập bằng email hợp lệ | E4: P0 | F4: Functional | G4: API + UI/E2E | H4: POST /api/v1/common/auth/login/ POST /api/token/refresh/ | I4: Có tài khoản theo trạng thái yêu cầu: ACTIVE/UNVERIFIED/LOCKED và membership phù hợp. | J4: login=user@example.com; password=StrongPass!2026; devices=S1/S2 Bổ sung: AI stub hỗ trợ success, timeout, HTTP 500, invalid JSON và oversized response | K4: 1. Chuẩn bị dữ liệu đúng mục 'Điều kiện trước' và ghi lại các ID ban đầu. 2. Mở màn hình/API tương ứng ở trạng thái chưa xác thực, trừ khi kịch bản yêu cầu session có sẵn. 3. Thực hiện kịch bản: Đăng nhập bằng email hợp lệ. 4. Ghi lại HTTP status, response body và thông báo/điều hướng trên UI (nếu có). 5. Kiểm tra response JWT/session, LoginLog, failed count/lock và company selection. 6. So sánh toàn bộ kết quả với cột 'Kết quả mong đợi' và đính kèm evidence nếu Fail/Blocked. | L4: 200; trả access, refresh, session, user và danh sách doanh nghiệp | M4: Session và LoginLog đúng; không cấp token ngoài luồng thành công. | O4: Not Run | U4: Candidate
A5: 2 | B5: COM03-02 | C5: UC-COM-03 | D5: Đăng nhập bằng username hợp lệ, không phân biệt hoa thường | E5: P0 | F5: Functional | G5: API + UI/E2E | H5: POST /api/v1/common/auth/login/ POST /api/token/refresh/ | I5: Có tài khoản theo trạng thái yêu cầu: ACTIVE/UNVERIFIED/LOCKED và membership phù hợp. | J5: login=user@example.com; password=StrongPass!2026; devices=S1/S2 | K5: 1. Chuẩn bị dữ liệu đúng mục 'Điều kiện trước' và ghi lại các ID ban đầu. 2. Mở màn hình/API tương ứng ở trạng thái chưa xác thực, trừ khi kịch bản yêu cầu session có sẵn. 3. Thực hiện kịch bản: Đăng nhập bằng username hợp lệ, không phân biệt hoa thường. 4. Ghi lại HTTP status, response body và thông báo/điều hướng trên UI (nếu có). 5. Kiểm tra response JWT/session, LoginLog, failed count/lock và company selection. 6. So sánh toàn bộ kết quả với cột 'Kết quả mong đợi' và đính kèm evidence nếu Fail/Blocked. | L5: Thành công như email; ghi LoginLog SUCCESS | M5: Session và LoginLog đúng; không cấp token ngoài luồng thành công. | O5: Not Run | U5: Candidate
A6: 3 | B6: COM03-03 | C6: UC-COM-03 | D6: Sai password hoặc identifier không tồn tại | E6: P0 | F6: Functional | G6: API + UI/E2E | H6: POST /api/v1/common/auth/login/ POST /api/token/refresh/ | I6: Có tài khoản theo trạng thái yêu cầu: ACTIVE/UNVERIFIED/LOCKED và membership phù hợp. | J6: login=user@example.com; password=StrongPass!2026; devices=S1/S2 Bổ sung: AI stub hỗ trợ success, timeout, HTTP 500, invalid JSON và oversized response | K6: 1. Chuẩn bị dữ liệu đúng mục 'Điều kiện trước' và ghi lại các ID ban đầu. 2. Mở màn hình/API tương ứng ở trạng thái chưa xác thực, trừ khi kịch bản yêu cầu session có sẵn. 3. Thực hiện kịch bản: Sai password hoặc identifier không tồn tại. 4. Ghi lại HTTP status, response body và thông báo/điều hướng trên UI (nếu có). 5. Kiểm tra response JWT/session, LoginLog, failed count/lock và company selection. 6. So sánh toàn bộ kết quả với cột 'Kết quả mong đợi' và đính kèm evidence nếu Fail/Blocked. | L6: 401; thông báo không cho phép suy ra tài khoản tồn tại; ghi log phù hợp | M6: Session và LoginLog đúng; không cấp token ngoài luồng thành công. | O6: Not Run | U6: Candidate
A7: 4 | B7: COM03-04 | C7: UC-COM-03 | D7: Tài khoản chưa xác thực | E7: P0 | F7: Functional | G7: API + UI/E2E | H7: POST /api/v1/common/auth/login/ POST /api/token/refresh/ | I7: Có tài khoản theo trạng thái yêu cầu: ACTIVE/UNVERIFIED/LOCKED và membership phù hợp. | J7: login=user@example.com; password=StrongPass!2026; devices=S1/S2 | K7: 1. Chuẩn bị dữ liệu đúng mục 'Điều kiện trước' và ghi lại các ID ban đầu. 2. Mở màn hình/API tương ứng ở trạng thái chưa xác thực, trừ khi kịch bản yêu cầu session có sẵn. 3. Thực hiện kịch bản: Tài khoản chưa xác thực. 4. Ghi lại HTTP status, response body và thông báo/điều hướng trên UI (nếu có). 5. Kiểm tra response JWT/session, LoginLog, failed count/lock và company selection. 6. So sánh toàn bộ kết quả với cột 'Kết quả mong đợi' và đính kèm evidence nếu Fail/Blocked. | L7: 401 với trạng thái pending verification; không cấp token | M7: Session và LoginLog đúng; không cấp token ngoài luồng thành công. | O7: Not Run | U7: Candidate
A8: 5 | B8: COM03-05 | C8: UC-COM-03 | D8: Sai 5 lần liên tiếp | E8: P0 | F8: Functional | G8: API + UI/E2E | H8: POST /api/v1/common/auth/login/ POST /api/token/refresh/ | I8: Có tài khoản theo trạng thái yêu cầu: ACTIVE/UNVERIFIED/LOCKED và membership phù hợp. | J8: login=user@example.com; password=StrongPass!2026; devices=S1/S2 Bổ sung: AI stub hỗ trợ success, timeout, HTTP 500, invalid JSON và oversized response | K8: 1. Chuẩn bị dữ liệu đúng mục 'Điều kiện trước' và ghi lại các ID ban đầu. 2. Mở màn hình/API tương ứng ở trạng thái chưa xác thực, trừ khi kịch bản yêu cầu session có sẵn. 3. Thực hiện kịch bản: Sai 5 lần liên tiếp. 4. Ghi lại HTTP status, response body và thông báo/điều hướng trên UI (nếu có). 5. Kiểm tra response JWT/session, LoginLog, failed count/lock và company selection. 6. So sánh toàn bộ kết quả với cột 'Kết quả mong đợi' và đính kèm evidence nếu Fail/Blocked. | L8: Tài khoản khóa 15 phút; các session đang hoạt động bị revoke | M8: Session và LoginLog đúng; không cấp token ngoài luồng thành công. | O8: Not Run | U8: Candidate
A9: 6 | B9: COM03-06 | C9: UC-COM-03 | D9: Đăng nhập đúng trong thời gian bị khóa | E9: P0 | F9: Security/Authorization | G9: API + Integration | H9: POST /api/v1/common/auth/login/ POST /api/token/refresh/ | I9: Có tài khoản theo trạng thái yêu cầu: ACTIVE/UNVERIFIED/LOCKED và membership phù hợp. | J9: login=user@example.com; password=StrongPass!2026; devices=S1/S2 | K9: 1. Chuẩn bị dữ liệu đúng mục 'Điều kiện trước' và ghi lại các ID ban đầu. 2. Mở màn hình/API tương ứng ở trạng thái chưa xác thực, trừ khi kịch bản yêu cầu session có sẵn. 3. Thực hiện kịch bản: Đăng nhập đúng trong thời gian bị khóa. 4. Ghi lại HTTP status, response body và thông báo/điều hướng trên UI (nếu có). 5. Kiểm tra response JWT/session, LoginLog, failed count/lock và company selection. 6. So sánh toàn bộ kết quả với cột 'Kết quả mong đợi' và đính kèm evidence nếu Fail/Blocked. | L9: Bị từ chối bằng thông báo chung; không tiết lộ chi tiết khóa | M9: Session và LoginLog đúng; không cấp token ngoài luồng thành công. | O9: Not Run | U9: Candidate
A10: 7 | B10: COM03-07 | C10: UC-COM-03 | D10: Đăng nhập sau khi hết thời gian khóa | E10: P1 | F10: Security/Authorization | G10: API + Integration | H10: POST /api/v1/common/auth/login/ POST /api/token/refresh/ | I10: Có tài khoản theo trạng thái yêu cầu: ACTIVE/UNVERIFIED/LOCKED và membership phù hợp. | J10: login=user@example.com; password=StrongPass!2026; devices=S1/S2 | K10: 1. Chuẩn bị dữ liệu đúng mục 'Điều kiện trước' và ghi lại các ID ban đầu. 2. Mở màn hình/API tương ứng ở trạng thái chưa xác thực, trừ khi kịch bản yêu cầu session có sẵn. 3. Thực hiện kịch bản: Đăng nhập sau khi hết thời gian khóa. 4. Ghi lại HTTP status, response body và thông báo/điều hướng trên UI (nếu có). 5. Kiểm tra response JWT/session, LoginLog, failed count/lock và company selection. 6. So sánh toàn bộ kết quả với cột 'Kết quả mong đợi' và đính kèm evidence nếu Fail/Blocked. | L10: Thành công; reset failed count và locked_until | M10: Session và LoginLog đúng; không cấp token ngoài luồng thành công. | O10: Not Run | U10: Candidate
A11: 8 | B11: COM03-08 | C11: UC-COM-03 | D11: Vượt rate limit 30 lần/5 phút | E11: P0 | F11: Security/Authorization | G11: API + Integration | H11: POST /api/v1/common/auth/login/ POST /api/token/refresh/ | I11: Có tài khoản theo trạng thái yêu cầu: ACTIVE/UNVERIFIED/LOCKED và membership phù hợp. | J11: login=user@example.com; password=StrongPass!2026; devices=S1/S2 Bổ sung: Gửi request liên tiếp vượt ngưỡng cấu hình từ cùng identifier/IP | K11: 1. Chuẩn bị dữ liệu đúng mục 'Điều kiện trước' và ghi lại các ID ban đầu. 2. Mở màn hình/API tương ứng ở trạng thái chưa xác thực, trừ khi kịch bản yêu cầu session có sẵn. 3. Thực hiện kịch bản: Vượt rate limit 30 lần/5 phút. 4. Ghi lại HTTP status, response body và thông báo/điều hướng trên UI (nếu có). 5. Kiểm tra response JWT/session, LoginLog, failed count/lock và company selection. 6. So sánh toàn bộ kết quả với cột 'Kết quả mong đợi' và đính kèm evidence nếu Fail/Blocked. | L11: 429; áp dụng theo identifier và IP | M11: Session và LoginLog đúng; không cấp token ngoài luồng thành công. | O11: Not Run | U11: Candidate
A12: 9 | B12: COM03-09 | C12: UC-COM-03 | D12: User chưa có doanh nghiệp | E12: P1 | F12: Functional | G12: API + UI/E2E | H12: POST /api/v1/common/auth/login/ POST /api/token/refresh/ | I12: Có tài khoản theo trạng thái yêu cầu: ACTIVE/UNVERIFIED/LOCKED và membership phù hợp. | J12: login=user@example.com; password=StrongPass!2026; devices=S1/S2 | K12: 1. Chuẩn bị dữ liệu đúng mục 'Điều kiện trước' và ghi lại các ID ban đầu. 2. Mở màn hình/API tương ứng ở trạng thái chưa xác thực, trừ khi kịch bản yêu cầu session có sẵn. 3. Thực hiện kịch bản: User chưa có doanh nghiệp. 4. Ghi lại HTTP status, response body và thông báo/điều hướng trên UI (nếu có). 5. Kiểm tra response JWT/session, LoginLog, failed count/lock và company selection. 6. So sánh toàn bộ kết quả với cột 'Kết quả mong đợi' và đính kèm evidence nếu Fail/Blocked. | L12: requires_company_setup=true; không tự chọn company | M12: Session và LoginLog đúng; không cấp token ngoài luồng thành công. | O12: Not Run | U12: Candidate
A13: 10 | B13: COM03-10 | C13: UC-COM-03 | D13: User có đúng một doanh nghiệp | E13: P1 | F13: Functional | G13: API + UI/E2E | H13: POST /api/v1/common/auth/login/ POST /api/token/refresh/ | I13: Có tài khoản theo trạng thái yêu cầu: ACTIVE/UNVERIFIED/LOCKED và membership phù hợp. | J13: login=user@example.com; password=StrongPass!2026; devices=S1/S2 | K13: 1. Chuẩn bị dữ liệu đúng mục 'Điều kiện trước' và ghi lại các ID ban đầu. 2. Mở màn hình/API tương ứng ở trạng thái chưa xác thực, trừ khi kịch bản yêu cầu session có sẵn. 3. Thực hiện kịch bản: User có đúng một doanh nghiệp. 4. Ghi lại HTTP status, response body và thông báo/điều hướng trên UI (nếu có). 5. Kiểm tra response JWT/session, LoginLog, failed count/lock và company selection. 6. So sánh toàn bộ kết quả với cột 'Kết quả mong đợi' và đính kèm evidence nếu Fail/Blocked. | L13: Tự chọn current_company; requires_company_selection=false | M13: Session và LoginLog đúng; không cấp token ngoài luồng thành công. | O13: Not Run | U13: Candidate
A14: 11 | B14: COM03-11 | C14: UC-COM-03 | D14: User có nhiều doanh nghiệp | E14: P1 | F14: Functional | G14: API + UI/E2E | H14: POST /api/v1/common/auth/login/ POST /api/token/refresh/ | I14: Có tài khoản theo trạng thái yêu cầu: ACTIVE/UNVERIFIED/LOCKED và membership phù hợp. | J14: login=user@example.com; password=StrongPass!2026; devices=S1/S2 | K14: 1. Chuẩn bị dữ liệu đúng mục 'Điều kiện trước' và ghi lại các ID ban đầu. 2. Mở màn hình/API tương ứng ở trạng thái chưa xác thực, trừ khi kịch bản yêu cầu session có sẵn. 3. Thực hiện kịch bản: User có nhiều doanh nghiệp. 4. Ghi lại HTTP status, response body và thông báo/điều hướng trên UI (nếu có). 5. Kiểm tra response JWT/session, LoginLog, failed count/lock và company selection. 6. So sánh toàn bộ kết quả với cột 'Kết quả mong đợi' và đính kèm evidence nếu Fail/Blocked. | L14: requires_company_selection=true; không tự chọn tùy tiện | M14: Session và LoginLog đúng; không cấp token ngoài luồng thành công. | O14: Not Run | U14: Candidate
A15: 12 | B15: COM03-12 | C15: UC-COM-03 | D15: Refresh token hợp lệ/revoked/hết hạn/sai chữ ký | E15: P0 | F15: Functional | G15: API + UI/E2E | H15: POST /api/v1/common/auth/login/ POST /api/token/refresh/ | I15: Có tài khoản theo trạng thái yêu cầu: ACTIVE/UNVERIFIED/LOCKED và membership phù hợp. | J15: login=user@example.com; password=StrongPass!2026; devices=S1/S2 Bổ sung: Điều chỉnh expires_at về quá khứ bằng fixture/admin test; AI stub hỗ trợ success, timeout, HTTP 500, invalid JSON và oversized response | K15: 1. Chuẩn bị dữ liệu đúng mục 'Điều kiện trước' và ghi lại các ID ban đầu. 2. Mở màn hình/API tương ứng ở trạng thái chưa xác thực, trừ khi kịch bản yêu cầu session có sẵn. 3. Thực hiện kịch bản: Refresh token hợp lệ/revoked/hết hạn/sai chữ ký. 4. Ghi lại HTTP status, response body và thông báo/điều hướng trên UI (nếu có). 5. Kiểm tra response JWT/session, LoginLog, failed count/lock và company selection. 6. So sánh toàn bộ kết quả với cột 'Kết quả mong đợi' và đính kèm evidence nếu Fail/Blocked. | L15: Chỉ token hợp lệ của session active được refresh; còn lại 401 | M15: Session và LoginLog đúng; không cấp token ngoài luồng thành công. | O15: Not Run | U15: Candidate
A16: 13 | B16: COM03-13 | C16: UC-COM-03 | D16: Hai thiết bị đăng nhập cùng lúc | E16: P1 | F16: Functional | G16: API + UI/E2E | H16: POST /api/v1/common/auth/login/ POST /api/token/refresh/ | I16: Có tài khoản theo trạng thái yêu cầu: ACTIVE/UNVERIFIED/LOCKED và membership phù hợp. | J16: login=user@example.com; password=StrongPass!2026; devices=S1/S2 Bổ sung: AI stub hỗ trợ success, timeout, HTTP 500, invalid JSON và oversized response | K16: 1. Chuẩn bị dữ liệu đúng mục 'Điều kiện trước' và ghi lại các ID ban đầu. 2. Mở màn hình/API tương ứng ở trạng thái chưa xác thực, trừ khi kịch bản yêu cầu session có sẵn. 3. Thực hiện kịch bản: Hai thiết bị đăng nhập cùng lúc. 4. Ghi lại HTTP status, response body và thông báo/điều hướng trên UI (nếu có). 5. Kiểm tra response JWT/session, LoginLog, failed count/lock và company selection. 6. So sánh toàn bộ kết quả với cột 'Kết quả mong đợi' và đính kèm evidence nếu Fail/Blocked. | L16: Tạo hai session ID độc lập, lưu IP/User-Agent và không ghi đè nhau | M16: Session và LoginLog đúng; không cấp token ngoài luồng thành công. | O16: Not Run | U16: Candidate

Sheet COM-04
A1: UC-COM-04 – Đăng xuất
A2: Nguồn: COMMON_SERVICES_TEST_PLAN.md | 7 test case
A3: STT | B3: Test Case ID | C3: UC ID | D3: Tên test case | E3: Priority | F3: Loại kiểm thử | G3: Lớp | H3: Endpoint/API | I3: Điều kiện trước | J3: Dữ liệu kiểm thử | K3: Các bước thực hiện | L3: Kết quả mong đợi | M3: Hậu điều kiện cần kiểm tra | N3: Actual Result | O3: Status | P3: Severity nếu lỗi | Q3: Defect ID | R3: Tester | S3: Ngày chạy | T3: Evidence/Link | U3: Automation | V3: Ghi chú
A4: 1 | B4: COM04-01 | C4: UC-COM-04 | D4: Đăng xuất với access và refresh của cùng session S1 | E4: P0 | F4: Functional | G4: API + UI/E2E | H4: POST /api/v1/common/auth/logout/ | I4: U3 đã đăng nhập; tạo S1 và S2 khi test case kiểm tra đa thiết bị. | J4: user=U3; sessions=S1,S2; access/refresh token tách biệt | K4: 1. Chuẩn bị dữ liệu đúng mục 'Điều kiện trước' và ghi lại các ID ban đầu. 2. Đăng nhập bằng đúng actor/role và chọn company/branch theo điều kiện trước. 3. Thực hiện kịch bản: Đăng xuất với access và refresh của cùng session S1. 4. Ghi lại HTTP status, response body và thông báo/điều hướng trên UI (nếu có). 5. Dùng lại access/refresh của S1 và S2 để xác nhận đúng session bị thu hồi. 6. So sánh toàn bộ kết quả với cột 'Kết quả mong đợi' và đính kèm evidence nếu Fail/Blocked. | L4: 204; S1 revoked/refresh blacklisted; access S1 không gọi API được nữa | M4: Chỉ đúng session mục tiêu bị revoked/blacklisted. | O4: Not Run | U4: Candidate
A5: 2 | B5: COM04-02 | C5: UC-COM-04 | D5: Sau khi logout S1, dùng S2 của cùng user | E5: P0 | F5: Functional | G5: API + UI/E2E | H5: POST /api/v1/common/auth/logout/ | I5: U3 đã đăng nhập; tạo S1 và S2 khi test case kiểm tra đa thiết bị. | J5: user=U3; sessions=S1,S2; access/refresh token tách biệt | K5: 1. Chuẩn bị dữ liệu đúng mục 'Điều kiện trước' và ghi lại các ID ban đầu. 2. Đăng nhập bằng đúng actor/role và chọn company/branch theo điều kiện trước. 3. Thực hiện kịch bản: Sau khi logout S1, dùng S2 của cùng user. 4. Ghi lại HTTP status, response body và thông báo/điều hướng trên UI (nếu có). 5. Dùng lại access/refresh của S1 và S2 để xác nhận đúng session bị thu hồi. 6. So sánh toàn bộ kết quả với cột 'Kết quả mong đợi' và đính kèm evidence nếu Fail/Blocked. | L5: S2 vẫn hoạt động bình thường | M5: Chỉ đúng session mục tiêu bị revoked/blacklisted. | O5: Not Run | U5: Candidate
A6: 3 | B6: COM04-03 | C6: UC-COM-04 | D6: Logout không gửi refresh | E6: P0 | F6: Functional | G6: API + UI/E2E | H6: POST /api/v1/common/auth/logout/ | I6: U3 đã đăng nhập; tạo S1 và S2 khi test case kiểm tra đa thiết bị. | J6: user=U3; sessions=S1,S2; access/refresh token tách biệt | K6: 1. Chuẩn bị dữ liệu đúng mục 'Điều kiện trước' và ghi lại các ID ban đầu. 2. Đăng nhập bằng đúng actor/role và chọn company/branch theo điều kiện trước. 3. Thực hiện kịch bản: Logout không gửi refresh. 4. Ghi lại HTTP status, response body và thông báo/điều hướng trên UI (nếu có). 5. Dùng lại access/refresh của S1 và S2 để xác nhận đúng session bị thu hồi. 6. So sánh toàn bộ kết quả với cột 'Kết quả mong đợi' và đính kèm evidence nếu Fail/Blocked. | L6: Session theo sid của access vẫn bị revoke | M6: Chỉ đúng session mục tiêu bị revoked/blacklisted. | O6: Not Run | U6: Candidate
A7: 4 | B7: COM04-04 | C7: UC-COM-04 | D7: Gửi refresh của session khác cùng user | E7: P0 | F7: Functional | G7: API + UI/E2E | H7: POST /api/v1/common/auth/logout/ | I7: U3 đã đăng nhập; tạo S1 và S2 khi test case kiểm tra đa thiết bị. | J7: user=U3; sessions=S1,S2; access/refresh token tách biệt | K7: 1. Chuẩn bị dữ liệu đúng mục 'Điều kiện trước' và ghi lại các ID ban đầu. 2. Đăng nhập bằng đúng actor/role và chọn company/branch theo điều kiện trước. 3. Thực hiện kịch bản: Gửi refresh của session khác cùng user. 4. Ghi lại HTTP status, response body và thông báo/điều hướng trên UI (nếu có). 5. Dùng lại access/refresh của S1 và S2 để xác nhận đúng session bị thu hồi. 6. So sánh toàn bộ kết quả với cột 'Kết quả mong đợi' và đính kèm evidence nếu Fail/Blocked. | L7: Không blacklist nhầm session khác; chỉ session hiện tại bị thu hồi | M7: Chỉ đúng session mục tiêu bị revoked/blacklisted. | O7: Not Run | U7: Candidate
A8: 5 | B8: COM04-05 | C8: UC-COM-04 | D8: Refresh sai định dạng/đã blacklist trong body | E8: P1 | F8: Functional | G8: API + UI/E2E | H8: POST /api/v1/common/auth/logout/ | I8: U3 đã đăng nhập; tạo S1 và S2 khi test case kiểm tra đa thiết bị. | J8: user=U3; sessions=S1,S2; access/refresh token tách biệt Bổ sung: AI stub hỗ trợ success, timeout, HTTP 500, invalid JSON và oversized response | K8: 1. Chuẩn bị dữ liệu đúng mục 'Điều kiện trước' và ghi lại các ID ban đầu. 2. Đăng nhập bằng đúng actor/role và chọn company/branch theo điều kiện trước. 3. Thực hiện kịch bản: Refresh sai định dạng/đã blacklist trong body. 4. Ghi lại HTTP status, response body và thông báo/điều hướng trên UI (nếu có). 5. Dùng lại access/refresh của S1 và S2 để xác nhận đúng session bị thu hồi. 6. So sánh toàn bộ kết quả với cột 'Kết quả mong đợi' và đính kèm evidence nếu Fail/Blocked. | L8: Logout vẫn an toàn và idempotent, không phát sinh lỗi 5xx | M8: Chỉ đúng session mục tiêu bị revoked/blacklisted. | O8: Not Run | U8: Candidate
A9: 6 | B9: COM04-06 | C9: UC-COM-04 | D9: Không có access token hoặc access đã hết hạn | E9: P0 | F9: Functional | G9: API + UI/E2E | H9: POST /api/v1/common/auth/logout/ | I9: U3 đã đăng nhập; tạo S1 và S2 khi test case kiểm tra đa thiết bị. | J9: user=U3; sessions=S1,S2; access/refresh token tách biệt Bổ sung: Điều chỉnh expires_at về quá khứ bằng fixture/admin test | K9: 1. Chuẩn bị dữ liệu đúng mục 'Điều kiện trước' và ghi lại các ID ban đầu. 2. Đăng nhập bằng đúng actor/role và chọn company/branch theo điều kiện trước. 3. Thực hiện kịch bản: Không có access token hoặc access đã hết hạn. 4. Ghi lại HTTP status, response body và thông báo/điều hướng trên UI (nếu có). 5. Dùng lại access/refresh của S1 và S2 để xác nhận đúng session bị thu hồi. 6. So sánh toàn bộ kết quả với cột 'Kết quả mong đợi' và đính kèm evidence nếu Fail/Blocked. | L9: 401; không tác động session của user khác | M9: Chỉ đúng session mục tiêu bị revoked/blacklisted. | O9: Not Run | U9: Candidate
A10: 7 | B10: COM04-07 | C10: UC-COM-04 | D10: Gọi logout lặp lại | E10: P1 | F10: Concurrency/Idempotency | G10: Integration | H10: POST /api/v1/common/auth/logout/ | I10: U3 đã đăng nhập; tạo S1 và S2 khi test case kiểm tra đa thiết bị. | J10: user=U3; sessions=S1,S2; access/refresh token tách biệt | K10: 1. Chuẩn bị dữ liệu đúng mục 'Điều kiện trước' và ghi lại các ID ban đầu. 2. Đăng nhập bằng đúng actor/role và chọn company/branch theo điều kiện trước. 3. Thực hiện kịch bản: Gọi logout lặp lại. 4. Ghi lại HTTP status, response body và thông báo/điều hướng trên UI (nếu có). 5. Dùng lại access/refresh của S1 và S2 để xác nhận đúng session bị thu hồi. 6. So sánh toàn bộ kết quả với cột 'Kết quả mong đợi' và đính kèm evidence nếu Fail/Blocked. | L10: Không tạo side effect nguy hiểm; token tiếp tục không dùng được | M10: Chỉ đúng session mục tiêu bị revoked/blacklisted. | O10: Not Run | U10: Candidate

Sheet COM-05
A1: UC-COM-05 – Quên và đặt lại mật khẩu
A2: Nguồn: COMMON_SERVICES_TEST_PLAN.md | 11 test case
A3: STT | B3: Test Case ID | C3: UC ID | D3: Tên test case | E3: Priority | F3: Loại kiểm thử | G3: Lớp | H3: Endpoint/API | I3: Điều kiện trước | J3: Dữ liệu kiểm thử | K3: Các bước thực hiện | L3: Kết quả mong đợi | M3: Hậu điều kiện cần kiểm tra | N3: Actual Result | O3: Status | P3: Severity nếu lỗi | Q3: Defect ID | R3: Tester | S3: Ngày chạy | T3: Evidence/Link | U3: Automation | V3: Ghi chú
A4: 1 | B4: COM05-01 | C4: UC-COM-05 | D4: Yêu cầu reset bằng email/username của tài khoản active đã verify | E4: P0 | F4: Functional | G4: API + UI/E2E | H4: POST /api/v1/common/auth/forgot-password/ POST /api/v1/common/auth/reset-password/ | I4: Có tài khoản ACTIVE đã verify email; email sandbox hoạt động; tạo nhiều session khi cần. | J4: identifier=user@example.com; new_password=NewStrongPass!2026 Bổ sung: AI stub hỗ trợ success, timeout, HTTP 500, invalid JSON và oversized response | K4: 1. Chuẩn bị dữ liệu đúng mục 'Điều kiện trước' và ghi lại các ID ban đầu. 2. Mở màn hình/API tương ứng ở trạng thái chưa xác thực, trừ khi kịch bản yêu cầu session có sẵn. 3. Thực hiện kịch bản: Yêu cầu reset bằng email/username của tài khoản active đã verify. 4. Ghi lại HTTP status, response body và thông báo/điều hướng trên UI (nếu có). 5. Kiểm tra challenge/email, password mới/cũ và hiệu lực của toàn bộ session/token cũ. 6. So sánh toàn bộ kết quả với cột 'Kết quả mong đợi' và đính kèm evidence nếu Fail/Blocked. | L4: Luôn 202; tạo challenge PASSWORD_RESET và gửi OTP tới email đã verify | M4: Challenge consumed đúng lúc; password/session state nhất quán. | O4: Not Run | U4: Candidate
A5: 2 | B5: COM05-02 | C5: UC-COM-05 | D5: Identifier không tồn tại, inactive hoặc chưa verify | E5: P0 | F5: Functional | G5: API + UI/E2E | H5: POST /api/v1/common/auth/forgot-password/ POST /api/v1/common/auth/reset-password/ | I5: Có tài khoản ACTIVE đã verify email; email sandbox hoạt động; tạo nhiều session khi cần. | J5: identifier=user@example.com; new_password=NewStrongPass!2026 | K5: 1. Chuẩn bị dữ liệu đúng mục 'Điều kiện trước' và ghi lại các ID ban đầu. 2. Mở màn hình/API tương ứng ở trạng thái chưa xác thực, trừ khi kịch bản yêu cầu session có sẵn. 3. Thực hiện kịch bản: Identifier không tồn tại, inactive hoặc chưa verify. 4. Ghi lại HTTP status, response body và thông báo/điều hướng trên UI (nếu có). 5. Kiểm tra challenge/email, password mới/cũ và hiệu lực của toàn bộ session/token cũ. 6. So sánh toàn bộ kết quả với cột 'Kết quả mong đợi' và đính kèm evidence nếu Fail/Blocked. | L5: Cùng status/response shape/thời gian gần tương đương; không gửi email; không lộ account existence | M5: Challenge consumed đúng lúc; password/session state nhất quán. | O5: Not Run | U5: Candidate
A6: 3 | B6: COM05-03 | C6: UC-COM-05 | D6: Yêu cầu lại trong cooldown | E6: P1 | F6: Functional | G6: API + UI/E2E | H6: POST /api/v1/common/auth/forgot-password/ POST /api/v1/common/auth/reset-password/ | I6: Có tài khoản ACTIVE đã verify email; email sandbox hoạt động; tạo nhiều session khi cần. | J6: identifier=user@example.com; new_password=NewStrongPass!2026 | K6: 1. Chuẩn bị dữ liệu đúng mục 'Điều kiện trước' và ghi lại các ID ban đầu. 2. Mở màn hình/API tương ứng ở trạng thái chưa xác thực, trừ khi kịch bản yêu cầu session có sẵn. 3. Thực hiện kịch bản: Yêu cầu lại trong cooldown. 4. Ghi lại HTTP status, response body và thông báo/điều hướng trên UI (nếu có). 5. Kiểm tra challenge/email, password mới/cũ và hiệu lực của toàn bộ session/token cũ. 6. So sánh toàn bộ kết quả với cột 'Kết quả mong đợi' và đính kèm evidence nếu Fail/Blocked. | L6: Bị hạn chế theo quy tắc; không tạo nhiều OTP còn hiệu lực | M6: Challenge consumed đúng lúc; password/session state nhất quán. | O6: Not Run | U6: Candidate
A7: 4 | B7: COM05-04 | C7: UC-COM-05 | D7: Reset với OTP đúng và mật khẩu mạnh | E7: P0 | F7: Functional | G7: API + UI/E2E | H7: POST /api/v1/common/auth/forgot-password/ POST /api/v1/common/auth/reset-password/ | I7: Có tài khoản ACTIVE đã verify email; email sandbox hoạt động; tạo nhiều session khi cần. | J7: identifier=user@example.com; new_password=NewStrongPass!2026 Bổ sung: OTP đúng: lấy từ email sandbox; OTP sai: 000000; challenge UUID từ response | K7: 1. Chuẩn bị dữ liệu đúng mục 'Điều kiện trước' và ghi lại các ID ban đầu. 2. Mở màn hình/API tương ứng ở trạng thái chưa xác thực, trừ khi kịch bản yêu cầu session có sẵn. 3. Thực hiện kịch bản: Reset với OTP đúng và mật khẩu mạnh. 4. Ghi lại HTTP status, response body và thông báo/điều hướng trên UI (nếu có). 5. Kiểm tra challenge/email, password mới/cũ và hiệu lực của toàn bộ session/token cũ. 6. So sánh toàn bộ kết quả với cột 'Kết quả mong đợi' và đính kèm evidence nếu Fail/Blocked. | L7: 200; đổi password; challenge consumed; reset failed-login/lock state | M7: Challenge consumed đúng lúc; password/session state nhất quán. | O7: Not Run | U7: Candidate
A8: 5 | B8: COM05-05 | C8: UC-COM-05 | D8: OTP sai/hết hạn/đã dùng/sai purpose | E8: P0 | F8: Functional | G8: API + UI/E2E | H8: POST /api/v1/common/auth/forgot-password/ POST /api/v1/common/auth/reset-password/ | I8: Có tài khoản ACTIVE đã verify email; email sandbox hoạt động; tạo nhiều session khi cần. | J8: identifier=user@example.com; new_password=NewStrongPass!2026 Bổ sung: OTP đúng: lấy từ email sandbox; OTP sai: 000000; challenge UUID từ response; Điều chỉnh expires_at về quá khứ bằng fixture/admin test; AI stub hỗ trợ success, timeout, HTTP 500, invalid JSON và oversized response | K8: 1. Chuẩn bị dữ liệu đúng mục 'Điều kiện trước' và ghi lại các ID ban đầu. 2. Mở màn hình/API tương ứng ở trạng thái chưa xác thực, trừ khi kịch bản yêu cầu session có sẵn. 3. Thực hiện kịch bản: OTP sai/hết hạn/đã dùng/sai purpose. 4. Ghi lại HTTP status, response body và thông báo/điều hướng trên UI (nếu có). 5. Kiểm tra challenge/email, password mới/cũ và hiệu lực của toàn bộ session/token cũ. 6. So sánh toàn bộ kết quả với cột 'Kết quả mong đợi' và đính kèm evidence nếu Fail/Blocked. | L8: 400; mật khẩu không đổi; tối đa 5 lần sai | M8: Challenge consumed đúng lúc; password/session state nhất quán. | O8: Not Run | U8: Candidate
A9: 6 | B9: COM05-06 | C9: UC-COM-05 | D9: Mật khẩu mới yếu, trùng mật khẩu hiện tại hoặc confirm không khớp | E9: P1 | F9: Functional | G9: API + UI/E2E | H9: POST /api/v1/common/auth/forgot-password/ POST /api/v1/common/auth/reset-password/ | I9: Có tài khoản ACTIVE đã verify email; email sandbox hoạt động; tạo nhiều session khi cần. | J9: identifier=user@example.com; new_password=NewStrongPass!2026 Bổ sung: Chuẩn bị trước một bản ghi có cùng giá trị cần kiểm tra | K9: 1. Chuẩn bị dữ liệu đúng mục 'Điều kiện trước' và ghi lại các ID ban đầu. 2. Mở màn hình/API tương ứng ở trạng thái chưa xác thực, trừ khi kịch bản yêu cầu session có sẵn. 3. Thực hiện kịch bản: Mật khẩu mới yếu, trùng mật khẩu hiện tại hoặc confirm không khớp. 4. Ghi lại HTTP status, response body và thông báo/điều hướng trên UI (nếu có). 5. Kiểm tra challenge/email, password mới/cũ và hiệu lực của toàn bộ session/token cũ. 6. So sánh toàn bộ kết quả với cột 'Kết quả mong đợi' và đính kèm evidence nếu Fail/Blocked. | L9: 400; challenge/password/session không bị thay đổi sai | M9: Challenge consumed đúng lúc; password/session state nhất quán. | O9: Not Run | U9: Candidate
A10: 7 | B10: COM05-07 | C10: UC-COM-05 | D10: Sau reset, kiểm tra mọi access/refresh cũ trên S1/S2 | E10: P0 | F10: Functional | G10: API + UI/E2E | H10: POST /api/v1/common/auth/forgot-password/ POST /api/v1/common/auth/reset-password/ | I10: Có tài khoản ACTIVE đã verify email; email sandbox hoạt động; tạo nhiều session khi cần. | J10: identifier=user@example.com; new_password=NewStrongPass!2026 | K10: 1. Chuẩn bị dữ liệu đúng mục 'Điều kiện trước' và ghi lại các ID ban đầu. 2. Mở màn hình/API tương ứng ở trạng thái chưa xác thực, trừ khi kịch bản yêu cầu session có sẵn. 3. Thực hiện kịch bản: Sau reset, kiểm tra mọi access/refresh cũ trên S1/S2. 4. Ghi lại HTTP status, response body và thông báo/điều hướng trên UI (nếu có). 5. Kiểm tra challenge/email, password mới/cũ và hiệu lực của toàn bộ session/token cũ. 6. So sánh toàn bộ kết quả với cột 'Kết quả mong đợi' và đính kèm evidence nếu Fail/Blocked. | L10: Tất cả session/token cũ bị revoke; mật khẩu cũ đăng nhập thất bại | M10: Challenge consumed đúng lúc; password/session state nhất quán. | O10: Not Run | U10: Candidate
A11: 8 | B11: COM05-08 | C11: UC-COM-05 | D11: Đăng nhập bằng mật khẩu mới | E11: P0 | F11: Functional | G11: API + UI/E2E | H11: POST /api/v1/common/auth/forgot-password/ POST /api/v1/common/auth/reset-password/ | I11: Có tài khoản ACTIVE đã verify email; email sandbox hoạt động; tạo nhiều session khi cần. | J11: identifier=user@example.com; new_password=NewStrongPass!2026 | K11: 1. Chuẩn bị dữ liệu đúng mục 'Điều kiện trước' và ghi lại các ID ban đầu. 2. Mở màn hình/API tương ứng ở trạng thái chưa xác thực, trừ khi kịch bản yêu cầu session có sẵn. 3. Thực hiện kịch bản: Đăng nhập bằng mật khẩu mới. 4. Ghi lại HTTP status, response body và thông báo/điều hướng trên UI (nếu có). 5. Kiểm tra challenge/email, password mới/cũ và hiệu lực của toàn bộ session/token cũ. 6. So sánh toàn bộ kết quả với cột 'Kết quả mong đợi' và đính kèm evidence nếu Fail/Blocked. | L11: Thành công và tạo session mới | M11: Challenge consumed đúng lúc; password/session state nhất quán. | O11: Not Run | U11: Candidate
A12: 9 | B12: COM05-09 | C12: UC-COM-05 | D12: Email thông báo sau reset | E12: P1 | F12: Functional | G12: API + UI/E2E | H12: POST /api/v1/common/auth/forgot-password/ POST /api/v1/common/auth/reset-password/ | I12: Có tài khoản ACTIVE đã verify email; email sandbox hoạt động; tạo nhiều session khi cần. | J12: identifier=user@example.com; new_password=NewStrongPass!2026 Bổ sung: AI stub hỗ trợ success, timeout, HTTP 500, invalid JSON và oversized response | K12: 1. Chuẩn bị dữ liệu đúng mục 'Điều kiện trước' và ghi lại các ID ban đầu. 2. Mở màn hình/API tương ứng ở trạng thái chưa xác thực, trừ khi kịch bản yêu cầu session có sẵn. 3. Thực hiện kịch bản: Email thông báo sau reset. 4. Ghi lại HTTP status, response body và thông báo/điều hướng trên UI (nếu có). 5. Kiểm tra challenge/email, password mới/cũ và hiệu lực của toàn bộ session/token cũ. 6. So sánh toàn bộ kết quả với cột 'Kết quả mong đợi' và đính kèm evidence nếu Fail/Blocked. | L12: Gửi tới email tài khoản; lỗi gửi mail không rollback đổi password nhưng có security event | M12: Challenge consumed đúng lúc; password/session state nhất quán. | O12: Not Run | U12: Candidate
A13: 10 | B13: COM05-10 | C13: UC-COM-05 | D13: Vượt rate limit reset theo identifier/IP | E13: P0 | F13: Security/Authorization | G13: API + Integration | H13: POST /api/v1/common/auth/forgot-password/ POST /api/v1/common/auth/reset-password/ | I13: Có tài khoản ACTIVE đã verify email; email sandbox hoạt động; tạo nhiều session khi cần. | J13: identifier=user@example.com; new_password=NewStrongPass!2026 Bổ sung: Gửi request liên tiếp vượt ngưỡng cấu hình từ cùng identifier/IP | K13: 1. Chuẩn bị dữ liệu đúng mục 'Điều kiện trước' và ghi lại các ID ban đầu. 2. Mở màn hình/API tương ứng ở trạng thái chưa xác thực, trừ khi kịch bản yêu cầu session có sẵn. 3. Thực hiện kịch bản: Vượt rate limit reset theo identifier/IP. 4. Ghi lại HTTP status, response body và thông báo/điều hướng trên UI (nếu có). 5. Kiểm tra challenge/email, password mới/cũ và hiệu lực của toàn bộ session/token cũ. 6. So sánh toàn bộ kết quả với cột 'Kết quả mong đợi' và đính kèm evidence nếu Fail/Blocked. | L13: 429; không gửi email hàng loạt | M13: Challenge consumed đúng lúc; password/session state nhất quán. | O13: Not Run | U13: Candidate
A14: 11 | B14: COM05-11 | C14: UC-COM-05 | D14: Alias endpoint cũ và mới | E14: P1 | F14: Functional | G14: API + UI/E2E | H14: POST /api/v1/common/auth/forgot-password/ POST /api/v1/common/auth/reset-password/ | I14: Có tài khoản ACTIVE đã verify email; email sandbox hoạt động; tạo nhiều session khi cần. | J14: identifier=user@example.com; new_password=NewStrongPass!2026 | K14: 1. Chuẩn bị dữ liệu đúng mục 'Điều kiện trước' và ghi lại các ID ban đầu. 2. Mở màn hình/API tương ứng ở trạng thái chưa xác thực, trừ khi kịch bản yêu cầu session có sẵn. 3. Thực hiện kịch bản: Alias endpoint cũ và mới. 4. Ghi lại HTTP status, response body và thông báo/điều hướng trên UI (nếu có). 5. Kiểm tra challenge/email, password mới/cũ và hiệu lực của toàn bộ session/token cũ. 6. So sánh toàn bộ kết quả với cột 'Kết quả mong đợi' và đính kèm evidence nếu Fail/Blocked. | L14: Hai cặp route có hành vi/schema tương thích | M14: Challenge consumed đúng lúc; password/session state nhất quán. | O14: Not Run | U14: Candidate

Sheet COM-06
A1: UC-COM-06 – Đổi mật khẩu
A2: Nguồn: COMMON_SERVICES_TEST_PLAN.md | 9 test case
A3: STT | B3: Test Case ID | C3: UC ID | D3: Tên test case | E3: Priority | F3: Loại kiểm thử | G3: Lớp | H3: Endpoint/API | I3: Điều kiện trước | J3: Dữ liệu kiểm thử | K3: Các bước thực hiện | L3: Kết quả mong đợi | M3: Hậu điều kiện cần kiểm tra | N3: Actual Result | O3: Status | P3: Severity nếu lỗi | Q3: Defect ID | R3: Tester | S3: Ngày chạy | T3: Evidence/Link | U3: Automation | V3: Ghi chú
A4: 1 | B4: COM06-01 | C4: UC-COM-06 | D4: Current password đúng, new password mạnh, confirm khớp | E4: P0 | F4: Functional | G4: API + UI/E2E | H4: POST /api/v1/common/auth/change-password/ | I4: U3 có JWT hợp lệ; tạo S1/S2 khi cần kiểm tra thu hồi phiên. | J4: current_password=StrongPass!2026; new_password=ChangedPass!2026 | K4: 1. Chuẩn bị dữ liệu đúng mục 'Điều kiện trước' và ghi lại các ID ban đầu. 2. Đăng nhập bằng đúng actor/role và chọn company/branch theo điều kiện trước. 3. Thực hiện kịch bản: Current password đúng, new password mạnh, confirm khớp. 4. Ghi lại HTTP status, response body và thông báo/điều hướng trên UI (nếu có). 5. Kiểm tra password, session hiện tại/session khác, email và security event. 6. So sánh toàn bộ kết quả với cột 'Kết quả mong đợi' và đính kèm evidence nếu Fail/Blocked. | L4: 200 changed=true; mật khẩu cập nhật; security/audit event phù hợp | M4: Password changed_at, session revoke reason và security event chính xác. | O4: Not Run | U4: Candidate
A5: 2 | B5: COM06-02 | C5: UC-COM-06 | D5: Current password sai lần 1–4 | E5: P0 | F5: Functional | G5: API + UI/E2E | H5: POST /api/v1/common/auth/change-password/ | I5: U3 có JWT hợp lệ; tạo S1/S2 khi cần kiểm tra thu hồi phiên. | J5: current_password=StrongPass!2026; new_password=ChangedPass!2026 Bổ sung: AI stub hỗ trợ success, timeout, HTTP 500, invalid JSON và oversized response | K5: 1. Chuẩn bị dữ liệu đúng mục 'Điều kiện trước' và ghi lại các ID ban đầu. 2. Đăng nhập bằng đúng actor/role và chọn company/branch theo điều kiện trước. 3. Thực hiện kịch bản: Current password sai lần 1–4. 4. Ghi lại HTTP status, response body và thông báo/điều hướng trên UI (nếu có). 5. Kiểm tra password, session hiện tại/session khác, email và security event. 6. So sánh toàn bộ kết quả với cột 'Kết quả mong đợi' và đính kèm evidence nếu Fail/Blocked. | L5: 400; không đổi password; tăng failure của đúng session | M5: Password changed_at, session revoke reason và security event chính xác. | O5: Not Run | U5: Candidate
A6: 3 | B6: COM06-03 | C6: UC-COM-06 | D6: Current password sai lần 5 | E6: P0 | F6: Functional | G6: API + UI/E2E | H6: POST /api/v1/common/auth/change-password/ | I6: U3 có JWT hợp lệ; tạo S1/S2 khi cần kiểm tra thu hồi phiên. | J6: current_password=StrongPass!2026; new_password=ChangedPass!2026 Bổ sung: AI stub hỗ trợ success, timeout, HTTP 500, invalid JSON và oversized response | K6: 1. Chuẩn bị dữ liệu đúng mục 'Điều kiện trước' và ghi lại các ID ban đầu. 2. Đăng nhập bằng đúng actor/role và chọn company/branch theo điều kiện trước. 3. Thực hiện kịch bản: Current password sai lần 5. 4. Ghi lại HTTP status, response body và thông báo/điều hướng trên UI (nếu có). 5. Kiểm tra password, session hiện tại/session khác, email và security event. 6. So sánh toàn bộ kết quả với cột 'Kết quả mong đợi' và đính kèm evidence nếu Fail/Blocked. | L6: Session hiện tại bị revoke; session khác không bị tác động ngoài quy tắc đã duyệt | M6: Password changed_at, session revoke reason và security event chính xác. | O6: Not Run | U6: Candidate
A7: 4 | B7: COM06-04 | C7: UC-COM-06 | D7: New password trùng current | E7: P1 | F7: Functional | G7: API + UI/E2E | H7: POST /api/v1/common/auth/change-password/ | I7: U3 có JWT hợp lệ; tạo S1/S2 khi cần kiểm tra thu hồi phiên. | J7: current_password=StrongPass!2026; new_password=ChangedPass!2026 Bổ sung: Chuẩn bị trước một bản ghi có cùng giá trị cần kiểm tra | K7: 1. Chuẩn bị dữ liệu đúng mục 'Điều kiện trước' và ghi lại các ID ban đầu. 2. Đăng nhập bằng đúng actor/role và chọn company/branch theo điều kiện trước. 3. Thực hiện kịch bản: New password trùng current. 4. Ghi lại HTTP status, response body và thông báo/điều hướng trên UI (nếu có). 5. Kiểm tra password, session hiện tại/session khác, email và security event. 6. So sánh toàn bộ kết quả với cột 'Kết quả mong đợi' và đính kèm evidence nếu Fail/Blocked. | L7: 400; không gửi email success, không revoke session | M7: Password changed_at, session revoke reason và security event chính xác. | O7: Not Run | U7: Candidate
A8: 5 | B8: COM06-05 | C8: UC-COM-06 | D8: New password yếu hoặc confirm sai | E8: P1 | F8: Functional | G8: API + UI/E2E | H8: POST /api/v1/common/auth/change-password/ | I8: U3 có JWT hợp lệ; tạo S1/S2 khi cần kiểm tra thu hồi phiên. | J8: current_password=StrongPass!2026; new_password=ChangedPass!2026 Bổ sung: AI stub hỗ trợ success, timeout, HTTP 500, invalid JSON và oversized response | K8: 1. Chuẩn bị dữ liệu đúng mục 'Điều kiện trước' và ghi lại các ID ban đầu. 2. Đăng nhập bằng đúng actor/role và chọn company/branch theo điều kiện trước. 3. Thực hiện kịch bản: New password yếu hoặc confirm sai. 4. Ghi lại HTTP status, response body và thông báo/điều hướng trên UI (nếu có). 5. Kiểm tra password, session hiện tại/session khác, email và security event. 6. So sánh toàn bộ kết quả với cột 'Kết quả mong đợi' và đính kèm evidence nếu Fail/Blocked. | L8: 400 đúng field; không đổi dữ liệu | M8: Password changed_at, session revoke reason và security event chính xác. | O8: Not Run | U8: Candidate
A9: 6 | B9: COM06-06 | C9: UC-COM-06 | D9: Đổi thành công khi có S1 và S2 | E9: P0 | F9: Functional | G9: API + UI/E2E | H9: POST /api/v1/common/auth/change-password/ | I9: U3 có JWT hợp lệ; tạo S1/S2 khi cần kiểm tra thu hồi phiên. | J9: current_password=StrongPass!2026; new_password=ChangedPass!2026 | K9: 1. Chuẩn bị dữ liệu đúng mục 'Điều kiện trước' và ghi lại các ID ban đầu. 2. Đăng nhập bằng đúng actor/role và chọn company/branch theo điều kiện trước. 3. Thực hiện kịch bản: Đổi thành công khi có S1 và S2. 4. Ghi lại HTTP status, response body và thông báo/điều hướng trên UI (nếu có). 5. Kiểm tra password, session hiện tại/session khác, email và security event. 6. So sánh toàn bộ kết quả với cột 'Kết quả mong đợi' và đính kèm evidence nếu Fail/Blocked. | L9: Giữ S1 hiện tại; revoke S2 và mọi session khác với reason PASSWORD_CHANGED | M9: Password changed_at, session revoke reason và security event chính xác. | O9: Not Run | U9: Candidate
A10: 7 | B10: COM06-07 | C10: UC-COM-06 | D10: Dùng mật khẩu cũ/mới sau đổi | E10: P0 | F10: Functional | G10: API + UI/E2E | H10: POST /api/v1/common/auth/change-password/ | I10: U3 có JWT hợp lệ; tạo S1/S2 khi cần kiểm tra thu hồi phiên. | J10: current_password=StrongPass!2026; new_password=ChangedPass!2026 | K10: 1. Chuẩn bị dữ liệu đúng mục 'Điều kiện trước' và ghi lại các ID ban đầu. 2. Đăng nhập bằng đúng actor/role và chọn company/branch theo điều kiện trước. 3. Thực hiện kịch bản: Dùng mật khẩu cũ/mới sau đổi. 4. Ghi lại HTTP status, response body và thông báo/điều hướng trên UI (nếu có). 5. Kiểm tra password, session hiện tại/session khác, email và security event. 6. So sánh toàn bộ kết quả với cột 'Kết quả mong đợi' và đính kèm evidence nếu Fail/Blocked. | L10: Mật khẩu cũ thất bại, mật khẩu mới thành công | M10: Password changed_at, session revoke reason và security event chính xác. | O10: Not Run | U10: Candidate
A11: 8 | B11: COM06-08 | C11: UC-COM-06 | D11: Email thông báo đổi mật khẩu lỗi | E11: P1 | F11: Functional | G11: API + UI/E2E | H11: POST /api/v1/common/auth/change-password/ | I11: U3 có JWT hợp lệ; tạo S1/S2 khi cần kiểm tra thu hồi phiên. | J11: current_password=StrongPass!2026; new_password=ChangedPass!2026 Bổ sung: AI stub hỗ trợ success, timeout, HTTP 500, invalid JSON và oversized response | K11: 1. Chuẩn bị dữ liệu đúng mục 'Điều kiện trước' và ghi lại các ID ban đầu. 2. Đăng nhập bằng đúng actor/role và chọn company/branch theo điều kiện trước. 3. Thực hiện kịch bản: Email thông báo đổi mật khẩu lỗi. 4. Ghi lại HTTP status, response body và thông báo/điều hướng trên UI (nếu có). 5. Kiểm tra password, session hiện tại/session khác, email và security event. 6. So sánh toàn bộ kết quả với cột 'Kết quả mong đợi' và đính kèm evidence nếu Fail/Blocked. | L11: Đổi mật khẩu vẫn commit; tạo security event cảnh báo | M11: Password changed_at, session revoke reason và security event chính xác. | O11: Not Run | U11: Candidate
A12: 9 | B12: COM06-09 | C12: UC-COM-06 | D12: User inactive hoặc không có JWT hợp lệ | E12: P0 | F12: Functional | G12: API + UI/E2E | H12: POST /api/v1/common/auth/change-password/ | I12: U3 có JWT hợp lệ; tạo S1/S2 khi cần kiểm tra thu hồi phiên. | J12: current_password=StrongPass!2026; new_password=ChangedPass!2026 | K12: 1. Chuẩn bị dữ liệu đúng mục 'Điều kiện trước' và ghi lại các ID ban đầu. 2. Đăng nhập bằng đúng actor/role và chọn company/branch theo điều kiện trước. 3. Thực hiện kịch bản: User inactive hoặc không có JWT hợp lệ. 4. Ghi lại HTTP status, response body và thông báo/điều hướng trên UI (nếu có). 5. Kiểm tra password, session hiện tại/session khác, email và security event. 6. So sánh toàn bộ kết quả với cột 'Kết quả mong đợi' và đính kèm evidence nếu Fail/Blocked. | L12: 401/403; không thay đổi mật khẩu | M12: Password changed_at, session revoke reason và security event chính xác. | O12: Not Run | U12: Candidate

Sheet COM-07
A1: UC-COM-07 – Quản lý tài khoản cá nhân
A2: Nguồn: COMMON_SERVICES_TEST_PLAN.md | 12 test case
A3: STT | B3: Test Case ID | C3: UC ID | D3: Tên test case | E3: Priority | F3: Loại kiểm thử | G3: Lớp | H3: Endpoint/API | I3: Điều kiện trước | J3: Dữ liệu kiểm thử | K3: Các bước thực hiện | L3: Kết quả mong đợi | M3: Hậu điều kiện cần kiểm tra | N3: Actual Result | O3: Status | P3: Severity nếu lỗi | Q3: Defect ID | R3: Tester | S3: Ngày chạy | T3: Evidence/Link | U3: Automation | V3: Ghi chú
A4: 1 | B4: COM07-01 | C4: UC-COM-07 | D4: GET hồ sơ với JWT hợp lệ | E4: P1 | F4: Functional | G4: API + UI/E2E | H4: GET|PATCH /api/v1/common/profile/ POST /api/v1/common/profile/confirm-email/ | I4: U3 đã đăng nhập; có user khác để kiểm tra phone/email trùng; media storage ghi được. | J4: display_name=Nguyễn Văn QA; phone=0901234567; avatar=valid.png/invalid.jpg | K4: 1. Chuẩn bị dữ liệu đúng mục 'Điều kiện trước' và ghi lại các ID ban đầu. 2. Đăng nhập bằng đúng actor/role và chọn company/branch theo điều kiện trước. 3. Thực hiện kịch bản: GET hồ sơ với JWT hợp lệ. 4. Ghi lại HTTP status, response body và thông báo/điều hướng trên UI (nếu có). 5. Tải lại profile/DB/media, kiểm tra field read-only, audit và dữ liệu không bị cập nhật một phần. 6. So sánh toàn bộ kết quả với cột 'Kết quả mong đợi' và đính kèm evidence nếu Fail/Blocked. | L4: Trả đúng dữ liệu của user hiện tại; không trả hash/password/token | M4: Profile/preference/media/audit nhất quán và không lộ dữ liệu nhạy cảm. | O4: Not Run | U4: Candidate
A5: 2 | B5: COM07-02 | C5: UC-COM-07 | D5: PATCH display_name, phone, first_name, last_name hợp lệ | E5: P1 | F5: Functional | G5: API + UI/E2E | H5: GET|PATCH /api/v1/common/profile/ POST /api/v1/common/profile/confirm-email/ | I5: U3 đã đăng nhập; có user khác để kiểm tra phone/email trùng; media storage ghi được. | J5: display_name=Nguyễn Văn QA; phone=0901234567; avatar=valid.png/invalid.jpg | K5: 1. Chuẩn bị dữ liệu đúng mục 'Điều kiện trước' và ghi lại các ID ban đầu. 2. Đăng nhập bằng đúng actor/role và chọn company/branch theo điều kiện trước. 3. Thực hiện kịch bản: PATCH display_name, phone, first_name, last_name hợp lệ. 4. Ghi lại HTTP status, response body và thông báo/điều hướng trên UI (nếu có). 5. Tải lại profile/DB/media, kiểm tra field read-only, audit và dữ liệu không bị cập nhật một phần. 6. So sánh toàn bộ kết quả với cột 'Kết quả mong đợi' và đính kèm evidence nếu Fail/Blocked. | L5: 200; chuẩn hóa display name; DB và response đồng nhất; ghi audit cho các membership | M5: Profile/preference/media/audit nhất quán và không lộ dữ liệu nhạy cảm. | O5: Not Run | U5: Candidate
A6: 3 | B6: COM07-03 | C6: UC-COM-07 | D6: Cố sửa email/username/status/id qua PATCH | E6: P0 | F6: Functional | G6: API + UI/E2E | H6: GET|PATCH /api/v1/common/profile/ POST /api/v1/common/profile/confirm-email/ | I6: U3 đã đăng nhập; có user khác để kiểm tra phone/email trùng; media storage ghi được. | J6: display_name=Nguyễn Văn QA; phone=0901234567; avatar=valid.png/invalid.jpg Bổ sung: AI stub hỗ trợ success, timeout, HTTP 500, invalid JSON và oversized response | K6: 1. Chuẩn bị dữ liệu đúng mục 'Điều kiện trước' và ghi lại các ID ban đầu. 2. Đăng nhập bằng đúng actor/role và chọn company/branch theo điều kiện trước. 3. Thực hiện kịch bản: Cố sửa email/username/status/id qua PATCH. 4. Ghi lại HTTP status, response body và thông báo/điều hướng trên UI (nếu có). 5. Tải lại profile/DB/media, kiểm tra field read-only, audit và dữ liệu không bị cập nhật một phần. 6. So sánh toàn bộ kết quả với cột 'Kết quả mong đợi' và đính kèm evidence nếu Fail/Blocked. | L6: 400 hoặc bỏ qua an toàn theo hợp đồng; không thay đổi field read-only | M6: Profile/preference/media/audit nhất quán và không lộ dữ liệu nhạy cảm. | O6: Not Run | U6: Candidate
A7: 4 | B7: COM07-04 | C7: UC-COM-07 | D7: Phone sai định dạng hoặc trùng user khác | E7: P1 | F7: Security/Authorization | G7: API + Integration | H7: GET|PATCH /api/v1/common/profile/ POST /api/v1/common/profile/confirm-email/ | I7: U3 đã đăng nhập; có user khác để kiểm tra phone/email trùng; media storage ghi được. | J7: display_name=Nguyễn Văn QA; phone=0901234567; avatar=valid.png/invalid.jpg Bổ sung: Chuẩn bị trước một bản ghi có cùng giá trị cần kiểm tra; AI stub hỗ trợ success, timeout, HTTP 500, invalid JSON và oversized response | K7: 1. Chuẩn bị dữ liệu đúng mục 'Điều kiện trước' và ghi lại các ID ban đầu. 2. Đăng nhập bằng đúng actor/role và chọn company/branch theo điều kiện trước. 3. Thực hiện kịch bản: Phone sai định dạng hoặc trùng user khác. 4. Ghi lại HTTP status, response body và thông báo/điều hướng trên UI (nếu có). 5. Tải lại profile/DB/media, kiểm tra field read-only, audit và dữ liệu không bị cập nhật một phần. 6. So sánh toàn bộ kết quả với cột 'Kết quả mong đợi' và đính kèm evidence nếu Fail/Blocked. | L7: 400; không cập nhật một phần | M7: Profile/preference/media/audit nhất quán và không lộ dữ liệu nhạy cảm. | O7: Not Run | U7: Candidate
A8: 5 | B8: COM07-05 | C8: UC-COM-07 | D8: PATCH body không có field cho phép | E8: P1 | F8: Functional | G8: API + UI/E2E | H8: GET|PATCH /api/v1/common/profile/ POST /api/v1/common/profile/confirm-email/ | I8: U3 đã đăng nhập; có user khác để kiểm tra phone/email trùng; media storage ghi được. | J8: display_name=Nguyễn Văn QA; phone=0901234567; avatar=valid.png/invalid.jpg | K8: 1. Chuẩn bị dữ liệu đúng mục 'Điều kiện trước' và ghi lại các ID ban đầu. 2. Đăng nhập bằng đúng actor/role và chọn company/branch theo điều kiện trước. 3. Thực hiện kịch bản: PATCH body không có field cho phép. 4. Ghi lại HTTP status, response body và thông báo/điều hướng trên UI (nếu có). 5. Tải lại profile/DB/media, kiểm tra field read-only, audit và dữ liệu không bị cập nhật một phần. 6. So sánh toàn bộ kết quả với cột 'Kết quả mong đợi' và đính kèm evidence nếu Fail/Blocked. | L8: 400 Không có thông tin hồ sơ nào được thay đổi | M8: Profile/preference/media/audit nhất quán và không lộ dữ liệu nhạy cảm. | O8: Not Run | U8: Candidate
A9: 6 | B9: COM07-06 | C9: UC-COM-07 | D9: Upload JPEG/PNG thật <= 5 MB | E9: P1 | F9: Functional | G9: API + UI/E2E | H9: GET|PATCH /api/v1/common/profile/ POST /api/v1/common/profile/confirm-email/ | I9: U3 đã đăng nhập; có user khác để kiểm tra phone/email trùng; media storage ghi được. | J9: display_name=Nguyễn Văn QA; phone=0901234567; avatar=valid.png/invalid.jpg | K9: 1. Chuẩn bị dữ liệu đúng mục 'Điều kiện trước' và ghi lại các ID ban đầu. 2. Đăng nhập bằng đúng actor/role và chọn company/branch theo điều kiện trước. 3. Thực hiện kịch bản: Upload JPEG/PNG thật <= 5 MB. 4. Ghi lại HTTP status, response body và thông báo/điều hướng trên UI (nếu có). 5. Tải lại profile/DB/media, kiểm tra field read-only, audit và dữ liệu không bị cập nhật một phần. 6. So sánh toàn bộ kết quả với cột 'Kết quả mong đợi' và đính kèm evidence nếu Fail/Blocked. | L9: Lưu avatar; trả URL hợp lệ và truy cập đúng quyền/cấu hình media | M9: Profile/preference/media/audit nhất quán và không lộ dữ liệu nhạy cảm. | O9: Not Run | U9: Candidate
A10: 7 | B10: COM07-07 | C10: UC-COM-07 | D10: File giả mạo extension, sai magic bytes hoặc > 5 MB | E10: P0 | F10: Functional | G10: API + UI/E2E | H10: GET|PATCH /api/v1/common/profile/ POST /api/v1/common/profile/confirm-email/ | I10: U3 đã đăng nhập; có user khác để kiểm tra phone/email trùng; media storage ghi được. | J10: display_name=Nguyễn Văn QA; phone=0901234567; avatar=valid.png/invalid.jpg Bổ sung: valid.png; valid.jpg; fake.jpg chứa text; oversized.png > 5 MB; AI stub hỗ trợ success, timeout, HTTP 500, invalid JSON và oversized response | K10: 1. Chuẩn bị dữ liệu đúng mục 'Điều kiện trước' và ghi lại các ID ban đầu. 2. Đăng nhập bằng đúng actor/role và chọn company/branch theo điều kiện trước. 3. Thực hiện kịch bản: File giả mạo extension, sai magic bytes hoặc > 5 MB. 4. Ghi lại HTTP status, response body và thông báo/điều hướng trên UI (nếu có). 5. Tải lại profile/DB/media, kiểm tra field read-only, audit và dữ liệu không bị cập nhật một phần. 6. So sánh toàn bộ kết quả với cột 'Kết quả mong đợi' và đính kèm evidence nếu Fail/Blocked. | L10: 400; không lưu file; không thực thi nội dung | M10: Profile/preference/media/audit nhất quán và không lộ dữ liệu nhạy cảm. | O10: Not Run | U10: Candidate
A11: 8 | B11: COM07-08 | C11: UC-COM-07 | D11: remove_avatar=true | E11: P1 | F11: UI/Validation | G11: UI + API | H11: GET|PATCH /api/v1/common/profile/ POST /api/v1/common/profile/confirm-email/ | I11: U3 đã đăng nhập; có user khác để kiểm tra phone/email trùng; media storage ghi được. | J11: display_name=Nguyễn Văn QA; phone=0901234567; avatar=valid.png/invalid.jpg Bổ sung: valid.png; valid.jpg; fake.jpg chứa text; oversized.png > 5 MB | K11: 1. Chuẩn bị dữ liệu đúng mục 'Điều kiện trước' và ghi lại các ID ban đầu. 2. Đăng nhập bằng đúng actor/role và chọn company/branch theo điều kiện trước. 3. Thực hiện kịch bản: remove_avatar=true. 4. Ghi lại HTTP status, response body và thông báo/điều hướng trên UI (nếu có). 5. Tải lại profile/DB/media, kiểm tra field read-only, audit và dữ liệu không bị cập nhật một phần. 6. So sánh toàn bộ kết quả với cột 'Kết quả mong đợi' và đính kèm evidence nếu Fail/Blocked. | L11: Gỡ liên kết avatar; response avatar_url=null; xử lý file vật lý theo chính sách | M11: Profile/preference/media/audit nhất quán và không lộ dữ liệu nhạy cảm. | O11: Not Run | U11: Candidate
A12: 9 | B12: COM07-09 | C12: UC-COM-07 | D12: Optimistic locking với version cũ | E12: P1 | F12: Functional | G12: API + UI/E2E | H12: GET|PATCH /api/v1/common/profile/ POST /api/v1/common/profile/confirm-email/ | I12: U3 đã đăng nhập; có user khác để kiểm tra phone/email trùng; media storage ghi được. | J12: display_name=Nguyễn Văn QA; phone=0901234567; avatar=valid.png/invalid.jpg | K12: 1. Chuẩn bị dữ liệu đúng mục 'Điều kiện trước' và ghi lại các ID ban đầu. 2. Đăng nhập bằng đúng actor/role và chọn company/branch theo điều kiện trước. 3. Thực hiện kịch bản: Optimistic locking với version cũ. 4. Ghi lại HTTP status, response body và thông báo/điều hướng trên UI (nếu có). 5. Tải lại profile/DB/media, kiểm tra field read-only, audit và dữ liệu không bị cập nhật một phần. 6. So sánh toàn bộ kết quả với cột 'Kết quả mong đợi' và đính kèm evidence nếu Fail/Blocked. | L12: 400; không ghi đè thay đổi từ phiên khác | M12: Profile/preference/media/audit nhất quán và không lộ dữ liệu nhạy cảm. | O12: Not Run | U12: Candidate
A13: 10 | B13: COM07-10 | C13: UC-COM-07 | D13: Hai PATCH đồng thời với cùng version | E13: P1 | F13: Concurrency/Idempotency | G13: Integration | H13: GET|PATCH /api/v1/common/profile/ POST /api/v1/common/profile/confirm-email/ | I13: U3 đã đăng nhập; có user khác để kiểm tra phone/email trùng; media storage ghi được. | J13: display_name=Nguyễn Văn QA; phone=0901234567; avatar=valid.png/invalid.jpg Bổ sung: Dùng hai client/worker gửi request cùng thời điểm; AI stub hỗ trợ success, timeout, HTTP 500, invalid JSON và oversized response | K13: 1. Chuẩn bị dữ liệu đúng mục 'Điều kiện trước' và ghi lại các ID ban đầu. 2. Đăng nhập bằng đúng actor/role và chọn company/branch theo điều kiện trước. 3. Thực hiện kịch bản: Hai PATCH đồng thời với cùng version. 4. Ghi lại HTTP status, response body và thông báo/điều hướng trên UI (nếu có). 5. Tải lại profile/DB/media, kiểm tra field read-only, audit và dữ liệu không bị cập nhật một phần. 6. So sánh toàn bộ kết quả với cột 'Kết quả mong đợi' và đính kèm evidence nếu Fail/Blocked. | L13: Chỉ một cập nhật thắng; request còn lại nhận conflict/validation | M13: Profile/preference/media/audit nhất quán và không lộ dữ liệu nhạy cảm. | O13: Not Run | U13: Candidate
A14: 11 | B14: COM07-11 | C14: UC-COM-07 | D14: Confirm email challenge của user khác/sai/hết hạn | E14: P0 | F14: Security/Authorization | G14: API + Integration | H14: GET|PATCH /api/v1/common/profile/ POST /api/v1/common/profile/confirm-email/ | I14: U3 đã đăng nhập; có user khác để kiểm tra phone/email trùng; media storage ghi được. | J14: display_name=Nguyễn Văn QA; phone=0901234567; avatar=valid.png/invalid.jpg Bổ sung: Điều chỉnh expires_at về quá khứ bằng fixture/admin test; AI stub hỗ trợ success, timeout, HTTP 500, invalid JSON và oversized response | K14: 1. Chuẩn bị dữ liệu đúng mục 'Điều kiện trước' và ghi lại các ID ban đầu. 2. Đăng nhập bằng đúng actor/role và chọn company/branch theo điều kiện trước. 3. Thực hiện kịch bản: Confirm email challenge của user khác/sai/hết hạn. 4. Ghi lại HTTP status, response body và thông báo/điều hướng trên UI (nếu có). 5. Tải lại profile/DB/media, kiểm tra field read-only, audit và dữ liệu không bị cập nhật một phần. 6. So sánh toàn bộ kết quả với cột 'Kết quả mong đợi' và đính kèm evidence nếu Fail/Blocked. | L14: 400/403; email không đổi | M14: Profile/preference/media/audit nhất quán và không lộ dữ liệu nhạy cảm. | O14: Not Run | U14: Candidate
A15: 12 | B15: COM07-12 | C15: UC-COM-07 | D15: Confirm đổi email hợp lệ | E15: P1 | F15: Functional | G15: API + UI/E2E | H15: GET|PATCH /api/v1/common/profile/ POST /api/v1/common/profile/confirm-email/ | I15: U3 đã đăng nhập; có user khác để kiểm tra phone/email trùng; media storage ghi được. | J15: display_name=Nguyễn Văn QA; phone=0901234567; avatar=valid.png/invalid.jpg Bổ sung: AI stub hỗ trợ success, timeout, HTTP 500, invalid JSON và oversized response | K15: 1. Chuẩn bị dữ liệu đúng mục 'Điều kiện trước' và ghi lại các ID ban đầu. 2. Đăng nhập bằng đúng actor/role và chọn company/branch theo điều kiện trước. 3. Thực hiện kịch bản: Confirm đổi email hợp lệ. 4. Ghi lại HTTP status, response body và thông báo/điều hướng trên UI (nếu có). 5. Tải lại profile/DB/media, kiểm tra field read-only, audit và dữ liệu không bị cập nhật một phần. 6. So sánh toàn bộ kết quả với cột 'Kết quả mong đợi' và đính kèm evidence nếu Fail/Blocked. | L15: Email và normalized_email cập nhật nguyên tử; email trùng bị từ chối | M15: Profile/preference/media/audit nhất quán và không lộ dữ liệu nhạy cảm. | O15: Not Run | U15: Candidate

Sheet COM-08
A1: UC-COM-08 – Chuyển phạm vi làm việc
A2: Nguồn: COMMON_SERVICES_TEST_PLAN.md | 11 test case
A3: STT | B3: Test Case ID | C3: UC ID | D3: Tên test case | E3: Priority | F3: Loại kiểm thử | G3: Lớp | H3: Endpoint/API | I3: Điều kiện trước | J3: Dữ liệu kiểm thử | K3: Các bước thực hiện | L3: Kết quả mong đợi | M3: Hậu điều kiện cần kiểm tra | N3: Actual Result | O3: Status | P3: Severity nếu lỗi | Q3: Defect ID | R3: Tester | S3: Ngày chạy | T3: Evidence/Link | U3: Automation | V3: Ghi chú
A4: 1 | B4: COM08-01 | C4: UC-COM-08 | D4: GET scopes của user có nhiều membership | E4: P1 | F4: Security/Authorization | G4: API + Integration | H4: GET /api/v1/common/scopes/ GET /api/v1/common/companies/mine/ POST /api/v1/common/companies/switch/ | I4: U3/U4/U5 có membership, role và Data Scope như sheet TEST_DATA. | J4: U3=all branches; U4=B1 only; U5=C1+C2 | K4: 1. Chuẩn bị dữ liệu đúng mục 'Điều kiện trước' và ghi lại các ID ban đầu. 2. Đăng nhập bằng đúng actor/role và chọn company/branch theo điều kiện trước. 3. Thực hiện kịch bản: GET scopes của user có nhiều membership. 4. Ghi lại HTTP status, response body và thông báo/điều hướng trên UI (nếu có). 5. Tải lại preference và gọi một API theo scope mới để xác nhận authorization được kiểm tra lại. 6. So sánh toàn bộ kết quả với cột 'Kết quả mong đợi' và đính kèm evidence nếu Fail/Blocked. | L4: Chỉ trả company/membership ACTIVE và branch ACTIVE trong Data Scope | M4: current_company/current_branch/all_branches và audit đúng. | O4: Not Run | U4: Candidate
A5: 2 | B5: COM08-02 | C5: UC-COM-08 | D5: User có scope toàn doanh nghiệp chọn all_branches=true | E5: P0 | F5: Security/Authorization | G5: API + Integration | H5: GET /api/v1/common/scopes/ GET /api/v1/common/companies/mine/ POST /api/v1/common/companies/switch/ | I5: U3/U4/U5 có membership, role và Data Scope như sheet TEST_DATA. | J5: U3=all branches; U4=B1 only; U5=C1+C2 | K5: 1. Chuẩn bị dữ liệu đúng mục 'Điều kiện trước' và ghi lại các ID ban đầu. 2. Đăng nhập bằng đúng actor/role và chọn company/branch theo điều kiện trước. 3. Thực hiện kịch bản: User có scope toàn doanh nghiệp chọn all_branches=true. 4. Ghi lại HTTP status, response body và thông báo/điều hướng trên UI (nếu có). 5. Tải lại preference và gọi một API theo scope mới để xác nhận authorization được kiểm tra lại. 6. So sánh toàn bộ kết quả với cột 'Kết quả mong đợi' và đính kèm evidence nếu Fail/Blocked. | L5: Cập nhật preference company, branch null, all_branches true; ghi audit | M5: current_company/current_branch/all_branches và audit đúng. | O5: Not Run | U5: Candidate
A6: 3 | B6: COM08-03 | C6: UC-COM-08 | D6: User không có scope toàn doanh nghiệp chọn all branches | E6: P0 | F6: Security/Authorization | G6: API + Integration | H6: GET /api/v1/common/scopes/ GET /api/v1/common/companies/mine/ POST /api/v1/common/companies/switch/ | I6: U3/U4/U5 có membership, role và Data Scope như sheet TEST_DATA. | J6: U3=all branches; U4=B1 only; U5=C1+C2 | K6: 1. Chuẩn bị dữ liệu đúng mục 'Điều kiện trước' và ghi lại các ID ban đầu. 2. Đăng nhập bằng đúng actor/role và chọn company/branch theo điều kiện trước. 3. Thực hiện kịch bản: User không có scope toàn doanh nghiệp chọn all branches. 4. Ghi lại HTTP status, response body và thông báo/điều hướng trên UI (nếu có). 5. Tải lại preference và gọi một API theo scope mới để xác nhận authorization được kiểm tra lại. 6. So sánh toàn bộ kết quả với cột 'Kết quả mong đợi' và đính kèm evidence nếu Fail/Blocked. | L6: 403; preference cũ giữ nguyên | M6: current_company/current_branch/all_branches và audit đúng. | O6: Not Run | U6: Candidate
A7: 4 | B7: COM08-04 | C7: UC-COM-08 | D7: Chọn branch thuộc company nhưng ngoài Data Scope | E7: P0 | F7: Security/Authorization | G7: API + Integration | H7: GET /api/v1/common/scopes/ GET /api/v1/common/companies/mine/ POST /api/v1/common/companies/switch/ | I7: U3/U4/U5 có membership, role và Data Scope như sheet TEST_DATA. | J7: U3=all branches; U4=B1 only; U5=C1+C2 | K7: 1. Chuẩn bị dữ liệu đúng mục 'Điều kiện trước' và ghi lại các ID ban đầu. 2. Đăng nhập bằng đúng actor/role và chọn company/branch theo điều kiện trước. 3. Thực hiện kịch bản: Chọn branch thuộc company nhưng ngoài Data Scope. 4. Ghi lại HTTP status, response body và thông báo/điều hướng trên UI (nếu có). 5. Tải lại preference và gọi một API theo scope mới để xác nhận authorization được kiểm tra lại. 6. So sánh toàn bộ kết quả với cột 'Kết quả mong đợi' và đính kèm evidence nếu Fail/Blocked. | L7: 403; không chuyển phạm vi | M7: current_company/current_branch/all_branches và audit đúng. | O7: Not Run | U7: Candidate
A8: 5 | B8: COM08-05 | C8: UC-COM-08 | D8: Chọn branch của C2 khi company=C1 | E8: P0 | F8: Security/Authorization | G8: API + Integration | H8: GET /api/v1/common/scopes/ GET /api/v1/common/companies/mine/ POST /api/v1/common/companies/switch/ | I8: U3/U4/U5 có membership, role và Data Scope như sheet TEST_DATA. | J8: U3=all branches; U4=B1 only; U5=C1+C2 Bổ sung: Dùng UUID hợp lệ nhưng thuộc C2 hoặc branch ngoài Data Scope | K8: 1. Chuẩn bị dữ liệu đúng mục 'Điều kiện trước' và ghi lại các ID ban đầu. 2. Đăng nhập bằng đúng actor/role và chọn company/branch theo điều kiện trước. 3. Thực hiện kịch bản: Chọn branch của C2 khi company=C1. 4. Ghi lại HTTP status, response body và thông báo/điều hướng trên UI (nếu có). 5. Tải lại preference và gọi một API theo scope mới để xác nhận authorization được kiểm tra lại. 6. So sánh toàn bộ kết quả với cột 'Kết quả mong đợi' và đính kèm evidence nếu Fail/Blocked. | L8: 403/404; không lộ dữ liệu C2 | M8: current_company/current_branch/all_branches và audit đúng. | O8: Not Run | U8: Candidate
A9: 6 | B9: COM08-06 | C9: UC-COM-08 | D9: Không truyền branch khi chỉ có một branch được phép | E9: P1 | F9: Functional | G9: API + UI/E2E | H9: GET /api/v1/common/scopes/ GET /api/v1/common/companies/mine/ POST /api/v1/common/companies/switch/ | I9: U3/U4/U5 có membership, role và Data Scope như sheet TEST_DATA. | J9: U3=all branches; U4=B1 only; U5=C1+C2 | K9: 1. Chuẩn bị dữ liệu đúng mục 'Điều kiện trước' và ghi lại các ID ban đầu. 2. Đăng nhập bằng đúng actor/role và chọn company/branch theo điều kiện trước. 3. Thực hiện kịch bản: Không truyền branch khi chỉ có một branch được phép. 4. Ghi lại HTTP status, response body và thông báo/điều hướng trên UI (nếu có). 5. Tải lại preference và gọi một API theo scope mới để xác nhận authorization được kiểm tra lại. 6. So sánh toàn bộ kết quả với cột 'Kết quả mong đợi' và đính kèm evidence nếu Fail/Blocked. | L9: Tự chọn branch duy nhất | M9: current_company/current_branch/all_branches và audit đúng. | O9: Not Run | U9: Candidate
A10: 7 | B10: COM08-07 | C10: UC-COM-08 | D10: Không truyền branch/all_branches khi có nhiều branch | E10: P1 | F10: Functional | G10: API + UI/E2E | H10: GET /api/v1/common/scopes/ GET /api/v1/common/companies/mine/ POST /api/v1/common/companies/switch/ | I10: U3/U4/U5 có membership, role và Data Scope như sheet TEST_DATA. | J10: U3=all branches; U4=B1 only; U5=C1+C2 | K10: 1. Chuẩn bị dữ liệu đúng mục 'Điều kiện trước' và ghi lại các ID ban đầu. 2. Đăng nhập bằng đúng actor/role và chọn company/branch theo điều kiện trước. 3. Thực hiện kịch bản: Không truyền branch/all_branches khi có nhiều branch. 4. Ghi lại HTTP status, response body và thông báo/điều hướng trên UI (nếu có). 5. Tải lại preference và gọi một API theo scope mới để xác nhận authorization được kiểm tra lại. 6. So sánh toàn bộ kết quả với cột 'Kết quả mong đợi' và đính kèm evidence nếu Fail/Blocked. | L10: 400, yêu cầu lựa chọn rõ ràng | M10: current_company/current_branch/all_branches và audit đúng. | O10: Not Run | U10: Candidate
A11: 8 | B11: COM08-08 | C11: UC-COM-08 | D11: Membership/company/branch INACTIVE | E11: P0 | F11: Functional | G11: API + UI/E2E | H11: GET /api/v1/common/scopes/ GET /api/v1/common/companies/mine/ POST /api/v1/common/companies/switch/ | I11: U3/U4/U5 có membership, role và Data Scope như sheet TEST_DATA. | J11: U3=all branches; U4=B1 only; U5=C1+C2 | K11: 1. Chuẩn bị dữ liệu đúng mục 'Điều kiện trước' và ghi lại các ID ban đầu. 2. Đăng nhập bằng đúng actor/role và chọn company/branch theo điều kiện trước. 3. Thực hiện kịch bản: Membership/company/branch INACTIVE. 4. Ghi lại HTTP status, response body và thông báo/điều hướng trên UI (nếu có). 5. Tải lại preference và gọi một API theo scope mới để xác nhận authorization được kiểm tra lại. 6. So sánh toàn bộ kết quả với cột 'Kết quả mong đợi' và đính kèm evidence nếu Fail/Blocked. | L11: 403/404/400; không cập nhật preference | M11: current_company/current_branch/all_branches và audit đúng. | O11: Not Run | U11: Candidate
A12: 9 | B12: COM08-09 | C12: UC-COM-08 | D12: Chuyển qua lại C1/B1 → C2/Bx | E12: P1 | F12: Security/Authorization | G12: API + Integration | H12: GET /api/v1/common/scopes/ GET /api/v1/common/companies/mine/ POST /api/v1/common/companies/switch/ | I12: U3/U4/U5 có membership, role và Data Scope như sheet TEST_DATA. | J12: U3=all branches; U4=B1 only; U5=C1+C2 Bổ sung: Dùng UUID hợp lệ nhưng thuộc C2 hoặc branch ngoài Data Scope | K12: 1. Chuẩn bị dữ liệu đúng mục 'Điều kiện trước' và ghi lại các ID ban đầu. 2. Đăng nhập bằng đúng actor/role và chọn company/branch theo điều kiện trước. 3. Thực hiện kịch bản: Chuyển qua lại C1/B1 → C2/Bx. 4. Ghi lại HTTP status, response body và thông báo/điều hướng trên UI (nếu có). 5. Tải lại preference và gọi một API theo scope mới để xác nhận authorization được kiểm tra lại. 6. So sánh toàn bộ kết quả với cột 'Kết quả mong đợi' và đính kèm evidence nếu Fail/Blocked. | L12: Context sau cùng chính xác; API sau đó mặc định dùng current company/scope mới | M12: current_company/current_branch/all_branches và audit đúng. | O12: Not Run | U12: Candidate
A13: 10 | B13: COM08-10 | C13: UC-COM-08 | D13: Có dữ liệu UI chưa lưu và confirm_discard=false/true | E13: P1 | F13: UI/Validation | G13: UI + API | H13: GET /api/v1/common/scopes/ GET /api/v1/common/companies/mine/ POST /api/v1/common/companies/switch/ | I13: U3/U4/U5 có membership, role và Data Scope như sheet TEST_DATA. | J13: U3=all branches; U4=B1 only; U5=C1+C2 | K13: 1. Chuẩn bị dữ liệu đúng mục 'Điều kiện trước' và ghi lại các ID ban đầu. 2. Đăng nhập bằng đúng actor/role và chọn company/branch theo điều kiện trước. 3. Thực hiện kịch bản: Có dữ liệu UI chưa lưu và confirm_discard=false/true. 4. Ghi lại HTTP status, response body và thông báo/điều hướng trên UI (nếu có). 5. Tải lại preference và gọi một API theo scope mới để xác nhận authorization được kiểm tra lại. 6. So sánh toàn bộ kết quả với cột 'Kết quả mong đợi' và đính kèm evidence nếu Fail/Blocked. | L13: UI cảnh báo; chỉ chuyển khi xác nhận theo acceptance criteria đã duyệt | M13: current_company/current_branch/all_branches và audit đúng. | O13: Not Run | U13: Candidate
A14: 11 | B14: COM08-11 | C14: UC-COM-08 | D14: Permission/Data Scope bị thu hồi sau khi đã chọn scope | E14: P0 | F14: Security/Authorization | G14: API + Integration | H14: GET /api/v1/common/scopes/ GET /api/v1/common/companies/mine/ POST /api/v1/common/companies/switch/ | I14: U3/U4/U5 có membership, role và Data Scope như sheet TEST_DATA. | J14: U3=all branches; U4=B1 only; U5=C1+C2 | K14: 1. Chuẩn bị dữ liệu đúng mục 'Điều kiện trước' và ghi lại các ID ban đầu. 2. Đăng nhập bằng đúng actor/role và chọn company/branch theo điều kiện trước. 3. Thực hiện kịch bản: Permission/Data Scope bị thu hồi sau khi đã chọn scope. 4. Ghi lại HTTP status, response body và thông báo/điều hướng trên UI (nếu có). 5. Tải lại preference và gọi một API theo scope mới để xác nhận authorization được kiểm tra lại. 6. So sánh toàn bộ kết quả với cột 'Kết quả mong đợi' và đính kèm evidence nếu Fail/Blocked. | L14: Các request tiếp theo bị chặn hoặc yêu cầu chọn lại; không dựa vào preference cũ để cấp quyền | M14: current_company/current_branch/all_branches và audit đúng. | O14: Not Run | U14: Candidate

Sheet COM-09
A1: UC-COM-09 – Xem và xử lý thông báo
A2: Nguồn: COMMON_SERVICES_TEST_PLAN.md | 12 test case
A3: STT | B3: Test Case ID | C3: UC ID | D3: Tên test case | E3: Priority | F3: Loại kiểm thử | G3: Lớp | H3: Endpoint/API | I3: Điều kiện trước | J3: Dữ liệu kiểm thử | K3: Các bước thực hiện | L3: Kết quả mong đợi | M3: Hậu điều kiện cần kiểm tra | N3: Actual Result | O3: Status | P3: Severity nếu lỗi | Q3: Defect ID | R3: Tester | S3: Ngày chạy | T3: Evidence/Link | U3: Automation | V3: Ghi chú
A4: 1 | B4: COM09-01 | C4: UC-COM-09 | D4: Liệt kê thông báo của user | E4: P1 | F4: Functional | G4: API + UI/E2E | H4: GET /api/v1/common/notifications/ POST /api/v1/common/notifications/{id}/{read|unread|archive|open}/ POST /api/v1/common/notifications/read-all/ GET /api/v1/common/notifications/unread-count/ | I4: Có N1–N6 thuộc nhiều trạng thái/company/permission; user đã đăng nhập. | J4: notifications=N1–N6; company=C1; page_size=20 | K4: 1. Chuẩn bị dữ liệu đúng mục 'Điều kiện trước' và ghi lại các ID ban đầu. 2. Đăng nhập bằng đúng actor/role và chọn company/branch theo điều kiện trước. 3. Thực hiện kịch bản: Liệt kê thông báo của user. 4. Ghi lại HTTP status, response body và thông báo/điều hướng trên UI (nếu có). 5. Tải lại list/count; kiểm tra ownership, read_at/hidden_at/link và quyền khi open. 6. So sánh toàn bộ kết quả với cột 'Kết quả mong đợi' và đính kèm evidence nếu Fail/Blocked. | L4: Phân trang mặc định 20, mới nhất trước; chỉ recipient hiện tại; loại archived/expired | M4: read_at/hidden_at/count/list nhất quán; notification không bị xóa vật lý ngoài rule. | O4: Not Run | U4: Candidate
A5: 2 | B5: COM09-02 | C5: UC-COM-09 | D5: Lọc company, unread/status, level, module, date range | E5: P1 | F5: Functional | G5: API + UI/E2E | H5: GET /api/v1/common/notifications/ POST /api/v1/common/notifications/{id}/{read|unread|archive|open}/ POST /api/v1/common/notifications/read-all/ GET /api/v1/common/notifications/unread-count/ | I5: Có N1–N6 thuộc nhiều trạng thái/company/permission; user đã đăng nhập. | J5: notifications=N1–N6; company=C1; page_size=20 | K5: 1. Chuẩn bị dữ liệu đúng mục 'Điều kiện trước' và ghi lại các ID ban đầu. 2. Đăng nhập bằng đúng actor/role và chọn company/branch theo điều kiện trước. 3. Thực hiện kịch bản: Lọc company, unread/status, level, module, date range. 4. Ghi lại HTTP status, response body và thông báo/điều hướng trên UI (nếu có). 5. Tải lại list/count; kiểm tra ownership, read_at/hidden_at/link và quyền khi open. 6. So sánh toàn bộ kết quả với cột 'Kết quả mong đợi' và đính kèm evidence nếu Fail/Blocked. | L5: Kết quả thỏa tất cả bộ lọc; page_size tối đa 100 | M5: read_at/hidden_at/count/list nhất quán; notification không bị xóa vật lý ngoài rule. | O5: Not Run | U5: Candidate
A6: 3 | B6: COM09-03 | C6: UC-COM-09 | D6: User U8 truy cập notification ID của U3 | E6: P0 | F6: Functional | G6: API + UI/E2E | H6: GET /api/v1/common/notifications/ POST /api/v1/common/notifications/{id}/{read|unread|archive|open}/ POST /api/v1/common/notifications/read-all/ GET /api/v1/common/notifications/unread-count/ | I6: Có N1–N6 thuộc nhiều trạng thái/company/permission; user đã đăng nhập. | J6: notifications=N1–N6; company=C1; page_size=20 | K6: 1. Chuẩn bị dữ liệu đúng mục 'Điều kiện trước' và ghi lại các ID ban đầu. 2. Đăng nhập bằng đúng actor/role và chọn company/branch theo điều kiện trước. 3. Thực hiện kịch bản: User U8 truy cập notification ID của U3. 4. Ghi lại HTTP status, response body và thông báo/điều hướng trên UI (nếu có). 5. Tải lại list/count; kiểm tra ownership, read_at/hidden_at/link và quyền khi open. 6. So sánh toàn bộ kết quả với cột 'Kết quả mong đợi' và đính kèm evidence nếu Fail/Blocked. | L6: 404; không lộ title/message/link | M6: read_at/hidden_at/count/list nhất quán; notification không bị xóa vật lý ngoài rule. | O6: Not Run | U6: Candidate
A7: 4 | B7: COM09-04 | C7: UC-COM-09 | D7: Mark read rồi mark unread | E7: P1 | F7: Functional | G7: API + UI/E2E | H7: GET /api/v1/common/notifications/ POST /api/v1/common/notifications/{id}/{read|unread|archive|open}/ POST /api/v1/common/notifications/read-all/ GET /api/v1/common/notifications/unread-count/ | I7: Có N1–N6 thuộc nhiều trạng thái/company/permission; user đã đăng nhập. | J7: notifications=N1–N6; company=C1; page_size=20 | K7: 1. Chuẩn bị dữ liệu đúng mục 'Điều kiện trước' và ghi lại các ID ban đầu. 2. Đăng nhập bằng đúng actor/role và chọn company/branch theo điều kiện trước. 3. Thực hiện kịch bản: Mark read rồi mark unread. 4. Ghi lại HTTP status, response body và thông báo/điều hướng trên UI (nếu có). 5. Tải lại list/count; kiểm tra ownership, read_at/hidden_at/link và quyền khi open. 6. So sánh toàn bộ kết quả với cột 'Kết quả mong đợi' và đính kèm evidence nếu Fail/Blocked. | L7: read_at được set/clear; status READ/UNREAD đúng; thao tác idempotent | M7: read_at/hidden_at/count/list nhất quán; notification không bị xóa vật lý ngoài rule. | O7: Not Run | U7: Candidate
A8: 5 | B8: COM09-05 | C8: UC-COM-09 | D8: Read all trong phạm vi/bộ lọc hiện tại | E8: P1 | F8: Functional | G8: API + UI/E2E | H8: GET /api/v1/common/notifications/ POST /api/v1/common/notifications/{id}/{read|unread|archive|open}/ POST /api/v1/common/notifications/read-all/ GET /api/v1/common/notifications/unread-count/ | I8: Có N1–N6 thuộc nhiều trạng thái/company/permission; user đã đăng nhập. | J8: notifications=N1–N6; company=C1; page_size=20 | K8: 1. Chuẩn bị dữ liệu đúng mục 'Điều kiện trước' và ghi lại các ID ban đầu. 2. Đăng nhập bằng đúng actor/role và chọn company/branch theo điều kiện trước. 3. Thực hiện kịch bản: Read all trong phạm vi/bộ lọc hiện tại. 4. Ghi lại HTTP status, response body và thông báo/điều hướng trên UI (nếu có). 5. Tải lại list/count; kiểm tra ownership, read_at/hidden_at/link và quyền khi open. 6. So sánh toàn bộ kết quả với cột 'Kết quả mong đợi' và đính kèm evidence nếu Fail/Blocked. | L8: Chỉ cập nhật tập đang thấy; trả số lượng chính xác | M8: read_at/hidden_at/count/list nhất quán; notification không bị xóa vật lý ngoài rule. | O8: Not Run | U8: Candidate
A9: 6 | B9: COM09-06 | C9: UC-COM-09 | D9: Unread count theo company/filter | E9: P1 | F9: Functional | G9: API + UI/E2E | H9: GET /api/v1/common/notifications/ POST /api/v1/common/notifications/{id}/{read|unread|archive|open}/ POST /api/v1/common/notifications/read-all/ GET /api/v1/common/notifications/unread-count/ | I9: Có N1–N6 thuộc nhiều trạng thái/company/permission; user đã đăng nhập. | J9: notifications=N1–N6; company=C1; page_size=20 | K9: 1. Chuẩn bị dữ liệu đúng mục 'Điều kiện trước' và ghi lại các ID ban đầu. 2. Đăng nhập bằng đúng actor/role và chọn company/branch theo điều kiện trước. 3. Thực hiện kịch bản: Unread count theo company/filter. 4. Ghi lại HTTP status, response body và thông báo/điều hướng trên UI (nếu có). 5. Tải lại list/count; kiểm tra ownership, read_at/hidden_at/link và quyền khi open. 6. So sánh toàn bộ kết quả với cột 'Kết quả mong đợi' và đính kèm evidence nếu Fail/Blocked. | L9: Khớp danh sách và thay đổi ngay sau read/unread/archive | M9: read_at/hidden_at/count/list nhất quán; notification không bị xóa vật lý ngoài rule. | O9: Not Run | U9: Candidate
A10: 7 | B10: COM09-07 | C10: UC-COM-09 | D10: Archive/hide notification | E10: P1 | F10: Functional | G10: API + UI/E2E | H10: GET /api/v1/common/notifications/ POST /api/v1/common/notifications/{id}/{read|unread|archive|open}/ POST /api/v1/common/notifications/read-all/ GET /api/v1/common/notifications/unread-count/ | I10: Có N1–N6 thuộc nhiều trạng thái/company/permission; user đã đăng nhập. | J10: notifications=N1–N6; company=C1; page_size=20 | K10: 1. Chuẩn bị dữ liệu đúng mục 'Điều kiện trước' và ghi lại các ID ban đầu. 2. Đăng nhập bằng đúng actor/role và chọn company/branch theo điều kiện trước. 3. Thực hiện kịch bản: Archive/hide notification. 4. Ghi lại HTTP status, response body và thông báo/điều hướng trên UI (nếu có). 5. Tải lại list/count; kiểm tra ownership, read_at/hidden_at/link và quyền khi open. 6. So sánh toàn bộ kết quả với cột 'Kết quả mong đợi' và đính kèm evidence nếu Fail/Blocked. | L10: 204; không còn trong list/count; không xóa vật lý ngoài chính sách | M10: read_at/hidden_at/count/list nhất quán; notification không bị xóa vật lý ngoài rule. | O10: Not Run | U10: Candidate
A11: 8 | B11: COM09-08 | C11: UC-COM-09 | D11: Open notification khi vẫn có membership và permission | E11: P0 | F11: Security/Authorization | G11: API + Integration | H11: GET /api/v1/common/notifications/ POST /api/v1/common/notifications/{id}/{read|unread|archive|open}/ POST /api/v1/common/notifications/read-all/ GET /api/v1/common/notifications/unread-count/ | I11: Có N1–N6 thuộc nhiều trạng thái/company/permission; user đã đăng nhập. | J11: notifications=N1–N6; company=C1; page_size=20 | K11: 1. Chuẩn bị dữ liệu đúng mục 'Điều kiện trước' và ghi lại các ID ban đầu. 2. Đăng nhập bằng đúng actor/role và chọn company/branch theo điều kiện trước. 3. Thực hiện kịch bản: Open notification khi vẫn có membership và permission. 4. Ghi lại HTTP status, response body và thông báo/điều hướng trên UI (nếu có). 5. Tải lại list/count; kiểm tra ownership, read_at/hidden_at/link và quyền khi open. 6. So sánh toàn bộ kết quả với cột 'Kết quả mong đợi' và đính kèm evidence nếu Fail/Blocked. | L11: Tự mark read; trả link hoặc null đúng dữ liệu | M11: read_at/hidden_at/count/list nhất quán; notification không bị xóa vật lý ngoài rule. | O11: Not Run | U11: Candidate
A12: 9 | B12: COM09-09 | C12: UC-COM-09 | D12: Permission/membership bị thu hồi trước khi open | E12: P0 | F12: Security/Authorization | G12: API + Integration | H12: GET /api/v1/common/notifications/ POST /api/v1/common/notifications/{id}/{read|unread|archive|open}/ POST /api/v1/common/notifications/read-all/ GET /api/v1/common/notifications/unread-count/ | I12: Có N1–N6 thuộc nhiều trạng thái/company/permission; user đã đăng nhập. | J12: notifications=N1–N6; company=C1; page_size=20 | K12: 1. Chuẩn bị dữ liệu đúng mục 'Điều kiện trước' và ghi lại các ID ban đầu. 2. Đăng nhập bằng đúng actor/role và chọn company/branch theo điều kiện trước. 3. Thực hiện kịch bản: Permission/membership bị thu hồi trước khi open. 4. Ghi lại HTTP status, response body và thông báo/điều hướng trên UI (nếu có). 5. Tải lại list/count; kiểm tra ownership, read_at/hidden_at/link và quyền khi open. 6. So sánh toàn bộ kết quả với cột 'Kết quả mong đợi' và đính kèm evidence nếu Fail/Blocked. | L12: 403; không điều hướng hoặc lộ nội dung đích | M12: read_at/hidden_at/count/list nhất quán; notification không bị xóa vật lý ngoài rule. | O12: Not Run | U12: Candidate
A13: 10 | B13: COM09-10 | C13: UC-COM-09 | D13: Notification toàn hệ thống không có company | E13: P1 | F13: Functional | G13: API + UI/E2E | H13: GET /api/v1/common/notifications/ POST /api/v1/common/notifications/{id}/{read|unread|archive|open}/ POST /api/v1/common/notifications/read-all/ GET /api/v1/common/notifications/unread-count/ | I13: Có N1–N6 thuộc nhiều trạng thái/company/permission; user đã đăng nhập. | J13: notifications=N1–N6; company=C1; page_size=20 | K13: 1. Chuẩn bị dữ liệu đúng mục 'Điều kiện trước' và ghi lại các ID ban đầu. 2. Đăng nhập bằng đúng actor/role và chọn company/branch theo điều kiện trước. 3. Thực hiện kịch bản: Notification toàn hệ thống không có company. 4. Ghi lại HTTP status, response body và thông báo/điều hướng trên UI (nếu có). 5. Tải lại list/count; kiểm tra ownership, read_at/hidden_at/link và quyền khi open. 6. So sánh toàn bộ kết quả với cột 'Kết quả mong đợi' và đính kèm evidence nếu Fail/Blocked. | L13: Vẫn hiển thị đúng recipient và mở an toàn | M13: read_at/hidden_at/count/list nhất quán; notification không bị xóa vật lý ngoài rule. | O13: Not Run | U13: Candidate
A14: 11 | B14: COM09-11 | C14: UC-COM-09 | D14: Tạo lại cùng recipient + event_key | E14: P1 | F14: Functional | G14: API + UI/E2E | H14: GET /api/v1/common/notifications/ POST /api/v1/common/notifications/{id}/{read|unread|archive|open}/ POST /api/v1/common/notifications/read-all/ GET /api/v1/common/notifications/unread-count/ | I14: Có N1–N6 thuộc nhiều trạng thái/company/permission; user đã đăng nhập. | J14: notifications=N1–N6; company=C1; page_size=20 | K14: 1. Chuẩn bị dữ liệu đúng mục 'Điều kiện trước' và ghi lại các ID ban đầu. 2. Đăng nhập bằng đúng actor/role và chọn company/branch theo điều kiện trước. 3. Thực hiện kịch bản: Tạo lại cùng recipient + event_key. 4. Ghi lại HTTP status, response body và thông báo/điều hướng trên UI (nếu có). 5. Tải lại list/count; kiểm tra ownership, read_at/hidden_at/link và quyền khi open. 6. So sánh toàn bộ kết quả với cột 'Kết quả mong đợi' và đính kèm evidence nếu Fail/Blocked. | L14: Không tạo thông báo trùng | M14: read_at/hidden_at/count/list nhất quán; notification không bị xóa vật lý ngoài rule. | O14: Not Run | U14: Candidate
A15: 12 | B15: COM09-12 | C15: UC-COM-09 | D15: Mốc ngày/giờ quanh 00:00 timezone Việt Nam | E15: P2 | F15: Functional | G15: API + UI/E2E | H15: GET /api/v1/common/notifications/ POST /api/v1/common/notifications/{id}/{read|unread|archive|open}/ POST /api/v1/common/notifications/read-all/ GET /api/v1/common/notifications/unread-count/ | I15: Có N1–N6 thuộc nhiều trạng thái/company/permission; user đã đăng nhập. | J15: notifications=N1–N6; company=C1; page_size=20 | K15: 1. Chuẩn bị dữ liệu đúng mục 'Điều kiện trước' và ghi lại các ID ban đầu. 2. Đăng nhập bằng đúng actor/role và chọn company/branch theo điều kiện trước. 3. Thực hiện kịch bản: Mốc ngày/giờ quanh 00:00 timezone Việt Nam. 4. Ghi lại HTTP status, response body và thông báo/điều hướng trên UI (nếu có). 5. Tải lại list/count; kiểm tra ownership, read_at/hidden_at/link và quyền khi open. 6. So sánh toàn bộ kết quả với cột 'Kết quả mong đợi' và đính kèm evidence nếu Fail/Blocked. | L15: Lọc date_from/date_to đúng ngày địa phương đã thống nhất | M15: read_at/hidden_at/count/list nhất quán; notification không bị xóa vật lý ngoài rule. | O15: Not Run | U15: Candidate

Sheet COM-10
A1: UC-COM-10 – Tìm kiếm toàn hệ thống
A2: Nguồn: COMMON_SERVICES_TEST_PLAN.md | 11 test case
A3: STT | B3: Test Case ID | C3: UC ID | D3: Tên test case | E3: Priority | F3: Loại kiểm thử | G3: Lớp | H3: Endpoint/API | I3: Điều kiện trước | J3: Dữ liệu kiểm thử | K3: Các bước thực hiện | L3: Kết quả mong đợi | M3: Hậu điều kiện cần kiểm tra | N3: Actual Result | O3: Status | P3: Severity nếu lỗi | Q3: Defect ID | R3: Tester | S3: Ngày chạy | T3: Evidence/Link | U3: Automation | V3: Ghi chú
A4: 1 | B4: COM10-01 | C4: UC-COM-10 | D4: Tìm theo tên có dấu và truy vấn không dấu | E4: P1 | F4: Functional | G4: API + UI/E2E | H4: GET /api/v1/common/search/ POST /api/v1/common/search/open/ | I4: Có dữ liệu tìm kiếm tại C1/C2/B1/B2; permission COM.SEARCH.USE được cấu hình theo case. | J4: q=anh duong; company=C1; branch=B1; page=1; page_size=20 | K4: 1. Chuẩn bị dữ liệu đúng mục 'Điều kiện trước' và ghi lại các ID ban đầu. 2. Đăng nhập bằng đúng actor/role và chọn company/branch theo điều kiện trước. 3. Thực hiện kịch bản: Tìm theo tên có dấu và truy vấn không dấu. 4. Ghi lại HTTP status, response body và thông báo/điều hướng trên UI (nếu có). 5. Đối chiếu group/count/paging; mở kết quả để xác nhận re-authorization và tenant isolation. 6. So sánh toàn bộ kết quả với cột 'Kết quả mong đợi' và đính kèm evidence nếu Fail/Blocked. | L4: Trả cùng đối tượng phù hợp; highlight/preview không làm sai dữ liệu | M4: Không có dữ liệu ngoài tenant/scope trong item, preview hoặc count. | O4: Not Run | U4: Candidate
A5: 2 | B5: COM10-02 | C5: UC-COM-10 | D5: Query có khoảng trắng thừa, đúng 2 ký tự, 1 ký tự, >255 ký tự | E5: P1 | F5: Functional | G5: API + UI/E2E | H5: GET /api/v1/common/search/ POST /api/v1/common/search/open/ | I5: Có dữ liệu tìm kiếm tại C1/C2/B1/B2; permission COM.SEARCH.USE được cấu hình theo case. | J5: q=anh duong; company=C1; branch=B1; page=1; page_size=20 | K5: 1. Chuẩn bị dữ liệu đúng mục 'Điều kiện trước' và ghi lại các ID ban đầu. 2. Đăng nhập bằng đúng actor/role và chọn company/branch theo điều kiện trước. 3. Thực hiện kịch bản: Query có khoảng trắng thừa, đúng 2 ký tự, 1 ký tự, >255 ký tự. 4. Ghi lại HTTP status, response body và thông báo/điều hướng trên UI (nếu có). 5. Đối chiếu group/count/paging; mở kết quả để xác nhận re-authorization và tenant isolation. 6. So sánh toàn bộ kết quả với cột 'Kết quả mong đợi' và đính kèm evidence nếu Fail/Blocked. | L5: Chuẩn hóa hợp lệ; biên sai trả 400 | M5: Không có dữ liệu ngoài tenant/scope trong item, preview hoặc count. | O5: Not Run | U5: Candidate
A6: 3 | B6: COM10-03 | C6: UC-COM-10 | D6: User không có COM.SEARCH.USE | E6: P0 | F6: Functional | G6: API + UI/E2E | H6: GET /api/v1/common/search/ POST /api/v1/common/search/open/ | I6: Có dữ liệu tìm kiếm tại C1/C2/B1/B2; permission COM.SEARCH.USE được cấu hình theo case. | J6: q=anh duong; company=C1; branch=B1; page=1; page_size=20 | K6: 1. Chuẩn bị dữ liệu đúng mục 'Điều kiện trước' và ghi lại các ID ban đầu. 2. Đăng nhập bằng đúng actor/role và chọn company/branch theo điều kiện trước. 3. Thực hiện kịch bản: User không có COM.SEARCH.USE. 4. Ghi lại HTTP status, response body và thông báo/điều hướng trên UI (nếu có). 5. Đối chiếu group/count/paging; mở kết quả để xác nhận re-authorization và tenant isolation. 6. So sánh toàn bộ kết quả với cột 'Kết quả mong đợi' và đính kèm evidence nếu Fail/Blocked. | L6: 403; không trả tổng số hay preview | M6: Không có dữ liệu ngoài tenant/scope trong item, preview hoặc count. | O6: Not Run | U6: Candidate
A7: 4 | B7: COM10-04 | C7: UC-COM-10 | D7: Kết quả thuộc company khác/branch ngoài scope | E7: P0 | F7: Security/Authorization | G7: API + Integration | H7: GET /api/v1/common/search/ POST /api/v1/common/search/open/ | I7: Có dữ liệu tìm kiếm tại C1/C2/B1/B2; permission COM.SEARCH.USE được cấu hình theo case. | J7: q=anh duong; company=C1; branch=B1; page=1; page_size=20 Bổ sung: Dùng UUID hợp lệ nhưng thuộc C2 hoặc branch ngoài Data Scope | K7: 1. Chuẩn bị dữ liệu đúng mục 'Điều kiện trước' và ghi lại các ID ban đầu. 2. Đăng nhập bằng đúng actor/role và chọn company/branch theo điều kiện trước. 3. Thực hiện kịch bản: Kết quả thuộc company khác/branch ngoài scope. 4. Ghi lại HTTP status, response body và thông báo/điều hướng trên UI (nếu có). 5. Đối chiếu group/count/paging; mở kết quả để xác nhận re-authorization và tenant isolation. 6. So sánh toàn bộ kết quả với cột 'Kết quả mong đợi' và đính kèm evidence nếu Fail/Blocked. | L7: Không xuất hiện trong bất kỳ group/count nào | M7: Không có dữ liệu ngoài tenant/scope trong item, preview hoặc count. | O7: Not Run | U7: Candidate
A8: 5 | B8: COM10-05 | C8: UC-COM-10 | D8: Lọc group/status/date/branch | E8: P1 | F8: Functional | G8: API + UI/E2E | H8: GET /api/v1/common/search/ POST /api/v1/common/search/open/ | I8: Có dữ liệu tìm kiếm tại C1/C2/B1/B2; permission COM.SEARCH.USE được cấu hình theo case. | J8: q=anh duong; company=C1; branch=B1; page=1; page_size=20 | K8: 1. Chuẩn bị dữ liệu đúng mục 'Điều kiện trước' và ghi lại các ID ban đầu. 2. Đăng nhập bằng đúng actor/role và chọn company/branch theo điều kiện trước. 3. Thực hiện kịch bản: Lọc group/status/date/branch. 4. Ghi lại HTTP status, response body và thông báo/điều hướng trên UI (nếu có). 5. Đối chiếu group/count/paging; mở kết quả để xác nhận re-authorization và tenant isolation. 6. So sánh toàn bộ kết quả với cột 'Kết quả mong đợi' và đính kèm evidence nếu Fail/Blocked. | L8: Kết quả và total theo đúng điều kiện | M8: Không có dữ liệu ngoài tenant/scope trong item, preview hoặc count. | O8: Not Run | U8: Candidate
A9: 6 | B9: COM10-06 | C9: UC-COM-10 | D9: Pagination theo group với page/page_size/preview_size biên | E9: P1 | F9: Functional | G9: API + UI/E2E | H9: GET /api/v1/common/search/ POST /api/v1/common/search/open/ | I9: Có dữ liệu tìm kiếm tại C1/C2/B1/B2; permission COM.SEARCH.USE được cấu hình theo case. | J9: q=anh duong; company=C1; branch=B1; page=1; page_size=20 | K9: 1. Chuẩn bị dữ liệu đúng mục 'Điều kiện trước' và ghi lại các ID ban đầu. 2. Đăng nhập bằng đúng actor/role và chọn company/branch theo điều kiện trước. 3. Thực hiện kịch bản: Pagination theo group với page/page_size/preview_size biên. 4. Ghi lại HTTP status, response body và thông báo/điều hướng trên UI (nếu có). 5. Đối chiếu group/count/paging; mở kết quả để xác nhận re-authorization và tenant isolation. 6. So sánh toàn bộ kết quả với cột 'Kết quả mong đợi' và đính kèm evidence nếu Fail/Blocked. | L9: Không trùng/mất bản ghi; max lần lượt 100/20 được thực thi | M9: Không có dữ liệu ngoài tenant/scope trong item, preview hoặc count. | O9: Not Run | U9: Candidate
A10: 7 | B10: COM10-07 | C10: UC-COM-10 | D10: Không truyền company nhưng có current_company | E10: P1 | F10: Functional | G10: API + UI/E2E | H10: GET /api/v1/common/search/ POST /api/v1/common/search/open/ | I10: Có dữ liệu tìm kiếm tại C1/C2/B1/B2; permission COM.SEARCH.USE được cấu hình theo case. | J10: q=anh duong; company=C1; branch=B1; page=1; page_size=20 | K10: 1. Chuẩn bị dữ liệu đúng mục 'Điều kiện trước' và ghi lại các ID ban đầu. 2. Đăng nhập bằng đúng actor/role và chọn company/branch theo điều kiện trước. 3. Thực hiện kịch bản: Không truyền company nhưng có current_company. 4. Ghi lại HTTP status, response body và thông báo/điều hướng trên UI (nếu có). 5. Đối chiếu group/count/paging; mở kết quả để xác nhận re-authorization và tenant isolation. 6. So sánh toàn bộ kết quả với cột 'Kết quả mong đợi' và đính kèm evidence nếu Fail/Blocked. | L10: Dùng đúng current company; thiếu cả hai trả lỗi an toàn | M10: Không có dữ liệu ngoài tenant/scope trong item, preview hoặc count. | O10: Not Run | U10: Candidate
A11: 8 | B11: COM10-08 | C11: UC-COM-10 | D11: Mở kết quả hợp lệ | E11: P0 | F11: Functional | G11: API + UI/E2E | H11: GET /api/v1/common/search/ POST /api/v1/common/search/open/ | I11: Có dữ liệu tìm kiếm tại C1/C2/B1/B2; permission COM.SEARCH.USE được cấu hình theo case. | J11: q=anh duong; company=C1; branch=B1; page=1; page_size=20 | K11: 1. Chuẩn bị dữ liệu đúng mục 'Điều kiện trước' và ghi lại các ID ban đầu. 2. Đăng nhập bằng đúng actor/role và chọn company/branch theo điều kiện trước. 3. Thực hiện kịch bản: Mở kết quả hợp lệ. 4. Ghi lại HTTP status, response body và thông báo/điều hướng trên UI (nếu có). 5. Đối chiếu group/count/paging; mở kết quả để xác nhận re-authorization và tenant isolation. 6. So sánh toàn bộ kết quả với cột 'Kết quả mong đợi' và đính kèm evidence nếu Fail/Blocked. | L11: Re-check membership, permission, scope và trạng thái entity; trả link đích đúng | M11: Không có dữ liệu ngoài tenant/scope trong item, preview hoặc count. | O11: Not Run | U11: Candidate
A12: 9 | B12: COM10-09 | C12: UC-COM-10 | D12: Permission bị thu hồi hoặc entity bị xóa/inactive sau search | E12: P0 | F12: Security/Authorization | G12: API + Integration | H12: GET /api/v1/common/search/ POST /api/v1/common/search/open/ | I12: Có dữ liệu tìm kiếm tại C1/C2/B1/B2; permission COM.SEARCH.USE được cấu hình theo case. | J12: q=anh duong; company=C1; branch=B1; page=1; page_size=20 | K12: 1. Chuẩn bị dữ liệu đúng mục 'Điều kiện trước' và ghi lại các ID ban đầu. 2. Đăng nhập bằng đúng actor/role và chọn company/branch theo điều kiện trước. 3. Thực hiện kịch bản: Permission bị thu hồi hoặc entity bị xóa/inactive sau search. 4. Ghi lại HTTP status, response body và thông báo/điều hướng trên UI (nếu có). 5. Đối chiếu group/count/paging; mở kết quả để xác nhận re-authorization và tenant isolation. 6. So sánh toàn bộ kết quả với cột 'Kết quả mong đợi' và đính kèm evidence nếu Fail/Blocked. | L12: Open bị từ chối/cảnh báo phù hợp; không dùng quyền cache cũ | M12: Không có dữ liệu ngoài tenant/scope trong item, preview hoặc count. | O12: Not Run | U12: Candidate
A13: 10 | B13: COM10-10 | C13: UC-COM-10 | D13: Thử SQL wildcard/injection/XSS payload trong q | E13: P0 | F13: Security/Authorization | G13: API + Integration | H13: GET /api/v1/common/search/ POST /api/v1/common/search/open/ | I13: Có dữ liệu tìm kiếm tại C1/C2/B1/B2; permission COM.SEARCH.USE được cấu hình theo case. | J13: q=anh duong; company=C1; branch=B1; page=1; page_size=20 | K13: 1. Chuẩn bị dữ liệu đúng mục 'Điều kiện trước' và ghi lại các ID ban đầu. 2. Đăng nhập bằng đúng actor/role và chọn company/branch theo điều kiện trước. 3. Thực hiện kịch bản: Thử SQL wildcard/injection/XSS payload trong q. 4. Ghi lại HTTP status, response body và thông báo/điều hướng trên UI (nếu có). 5. Đối chiếu group/count/paging; mở kết quả để xác nhận re-authorization và tenant isolation. 6. So sánh toàn bộ kết quả với cột 'Kết quả mong đợi' và đính kèm evidence nếu Fail/Blocked. | L13: Không lỗi 5xx, không injection, output được encode tại UI | M13: Không có dữ liệu ngoài tenant/scope trong item, preview hoặc count. | O13: Not Run | U13: Candidate
A14: 11 | B14: COM10-11 | C14: UC-COM-10 | D14: Đo latency với dữ liệu lớn và truy vấn không có kết quả | E14: P1 | F14: Performance/Resilience | G14: API + Integration | H14: GET /api/v1/common/search/ POST /api/v1/common/search/open/ | I14: Có dữ liệu tìm kiếm tại C1/C2/B1/B2; permission COM.SEARCH.USE được cấu hình theo case. | J14: q=anh duong; company=C1; branch=B1; page=1; page_size=20 | K14: 1. Chuẩn bị dữ liệu đúng mục 'Điều kiện trước' và ghi lại các ID ban đầu. 2. Đăng nhập bằng đúng actor/role và chọn company/branch theo điều kiện trước. 3. Thực hiện kịch bản: Đo latency với dữ liệu lớn và truy vấn không có kết quả. 4. Ghi lại HTTP status, response body và thông báo/điều hướng trên UI (nếu có). 5. Đối chiếu group/count/paging; mở kết quả để xác nhận re-authorization và tenant isolation. 6. So sánh toàn bộ kết quả với cột 'Kết quả mong đợi' và đính kèm evidence nếu Fail/Blocked. | L14: Đạt SLA; response ổn định, không full-table payload | M14: Không có dữ liệu ngoài tenant/scope trong item, preview hoặc count. | O14: Not Run | U14: Candidate

Sheet COM-11
A1: UC-COM-11 – Xem việc cần xử lý
A2: Nguồn: COMMON_SERVICES_TEST_PLAN.md | 12 test case
A3: STT | B3: Test Case ID | C3: UC ID | D3: Tên test case | E3: Priority | F3: Loại kiểm thử | G3: Lớp | H3: Endpoint/API | I3: Điều kiện trước | J3: Dữ liệu kiểm thử | K3: Các bước thực hiện | L3: Kết quả mong đợi | M3: Hậu điều kiện cần kiểm tra | N3: Actual Result | O3: Status | P3: Severity nếu lỗi | Q3: Defect ID | R3: Tester | S3: Ngày chạy | T3: Evidence/Link | U3: Automation | V3: Ghi chú
A4: 1 | B4: COM11-01 | C4: UC-COM-11 | D4: Liệt kê work-item gán trực tiếp cho user | E4: P1 | F4: Functional | G4: API + UI/E2E | H4: GET /api/v1/common/work-items/ GET /api/v1/common/work-items/count/ POST /api/v1/common/work-items/{id}/open/ GET /api/v1/common/work-items/{id}/history/ | I4: Có W1–W6; assignment trực tiếp/theo role; due_at và permission theo case. | J4: work_items=W1–W6; company=C1; branch=B1 | K4: 1. Chuẩn bị dữ liệu đúng mục 'Điều kiện trước' và ghi lại các ID ban đầu. 2. Đăng nhập bằng đúng actor/role và chọn company/branch theo điều kiện trước. 3. Thực hiện kịch bản: Liệt kê work-item gán trực tiếp cho user. 4. Ghi lại HTTP status, response body và thông báo/điều hướng trên UI (nếu có). 5. Đối chiếu list/count/order/history; mở item để xác nhận entity, scope và transition. 6. So sánh toàn bộ kết quả với cột 'Kết quả mong đợi' và đính kèm evidence nếu Fail/Blocked. | L4: Trả đúng company/scope/permission, phân trang chính xác | M4: Status, due_at, dedupe_key và history nhất quán. | O4: Not Run | U4: Candidate
A5: 2 | B5: COM11-02 | C5: UC-COM-11 | D5: Work-item gán theo role của user | E5: P1 | F5: Functional | G5: API + UI/E2E | H5: GET /api/v1/common/work-items/ GET /api/v1/common/work-items/count/ POST /api/v1/common/work-items/{id}/open/ GET /api/v1/common/work-items/{id}/history/ | I5: Có W1–W6; assignment trực tiếp/theo role; due_at và permission theo case. | J5: work_items=W1–W6; company=C1; branch=B1 | K5: 1. Chuẩn bị dữ liệu đúng mục 'Điều kiện trước' và ghi lại các ID ban đầu. 2. Đăng nhập bằng đúng actor/role và chọn company/branch theo điều kiện trước. 3. Thực hiện kịch bản: Work-item gán theo role của user. 4. Ghi lại HTTP status, response body và thông báo/điều hướng trên UI (nếu có). 5. Đối chiếu list/count/order/history; mở item để xác nhận entity, scope và transition. 6. So sánh toàn bộ kết quả với cột 'Kết quả mong đợi' và đính kèm evidence nếu Fail/Blocked. | L5: Hiển thị khi assignment hiệu lực; ẩn khi role hết hiệu lực/bị revoke | M5: Status, due_at, dedupe_key và history nhất quán. | O5: Not Run | U5: Candidate
A6: 3 | B6: COM11-03 | C6: UC-COM-11 | D6: Item C2 hoặc branch ngoài scope | E6: P0 | F6: Security/Authorization | G6: API + Integration | H6: GET /api/v1/common/work-items/ GET /api/v1/common/work-items/count/ POST /api/v1/common/work-items/{id}/open/ GET /api/v1/common/work-items/{id}/history/ | I6: Có W1–W6; assignment trực tiếp/theo role; due_at và permission theo case. | J6: work_items=W1–W6; company=C1; branch=B1 Bổ sung: Dùng UUID hợp lệ nhưng thuộc C2 hoặc branch ngoài Data Scope | K6: 1. Chuẩn bị dữ liệu đúng mục 'Điều kiện trước' và ghi lại các ID ban đầu. 2. Đăng nhập bằng đúng actor/role và chọn company/branch theo điều kiện trước. 3. Thực hiện kịch bản: Item C2 hoặc branch ngoài scope. 4. Ghi lại HTTP status, response body và thông báo/điều hướng trên UI (nếu có). 5. Đối chiếu list/count/order/history; mở item để xác nhận entity, scope và transition. 6. So sánh toàn bộ kết quả với cột 'Kết quả mong đợi' và đính kèm evidence nếu Fail/Blocked. | L6: Không xuất hiện và không truy cập được bằng ID | M6: Status, due_at, dedupe_key và history nhất quán. | O6: Not Run | U6: Candidate
A7: 4 | B7: COM11-04 | C7: UC-COM-11 | D7: Item PENDING/IN_PROGRESS quá due_at | E7: P1 | F7: Functional | G7: API + UI/E2E | H7: GET /api/v1/common/work-items/ GET /api/v1/common/work-items/count/ POST /api/v1/common/work-items/{id}/open/ GET /api/v1/common/work-items/{id}/history/ | I7: Có W1–W6; assignment trực tiếp/theo role; due_at và permission theo case. | J7: work_items=W1–W6; company=C1; branch=B1 | K7: 1. Chuẩn bị dữ liệu đúng mục 'Điều kiện trước' và ghi lại các ID ban đầu. 2. Đăng nhập bằng đúng actor/role và chọn company/branch theo điều kiện trước. 3. Thực hiện kịch bản: Item PENDING/IN_PROGRESS quá due_at. 4. Ghi lại HTTP status, response body và thông báo/điều hướng trên UI (nếu có). 5. Đối chiếu list/count/order/history; mở item để xác nhận entity, scope và transition. 6. So sánh toàn bộ kết quả với cột 'Kết quả mong đợi' và đính kèm evidence nếu Fail/Blocked. | L7: Tự chuyển OVERDUE; tạo history đúng, không tạo lặp mỗi lần GET | M7: Status, due_at, dedupe_key và history nhất quán. | O7: Not Run | U7: Candidate
A8: 5 | B8: COM11-05 | C8: UC-COM-11 | D8: Lọc task_type/status/priority/q/due_from/due_to | E8: P1 | F8: Functional | G8: API + UI/E2E | H8: GET /api/v1/common/work-items/ GET /api/v1/common/work-items/count/ POST /api/v1/common/work-items/{id}/open/ GET /api/v1/common/work-items/{id}/history/ | I8: Có W1–W6; assignment trực tiếp/theo role; due_at và permission theo case. | J8: work_items=W1–W6; company=C1; branch=B1 | K8: 1. Chuẩn bị dữ liệu đúng mục 'Điều kiện trước' và ghi lại các ID ban đầu. 2. Đăng nhập bằng đúng actor/role và chọn company/branch theo điều kiện trước. 3. Thực hiện kịch bản: Lọc task_type/status/priority/q/due_from/due_to. 4. Ghi lại HTTP status, response body và thông báo/điều hướng trên UI (nếu có). 5. Đối chiếu list/count/order/history; mở item để xác nhận entity, scope và transition. 6. So sánh toàn bộ kết quả với cột 'Kết quả mong đợi' và đính kèm evidence nếu Fail/Blocked. | L8: Kết quả đúng giao của bộ lọc | M8: Status, due_at, dedupe_key và history nhất quán. | O8: Not Run | U8: Candidate
A9: 6 | B9: COM11-06 | C9: UC-COM-11 | D9: Sắp xếp mặc định và theo due_at/created_at | E9: P1 | F9: Functional | G9: API + UI/E2E | H9: GET /api/v1/common/work-items/ GET /api/v1/common/work-items/count/ POST /api/v1/common/work-items/{id}/open/ GET /api/v1/common/work-items/{id}/history/ | I9: Có W1–W6; assignment trực tiếp/theo role; due_at và permission theo case. | J9: work_items=W1–W6; company=C1; branch=B1 | K9: 1. Chuẩn bị dữ liệu đúng mục 'Điều kiện trước' và ghi lại các ID ban đầu. 2. Đăng nhập bằng đúng actor/role và chọn company/branch theo điều kiện trước. 3. Thực hiện kịch bản: Sắp xếp mặc định và theo due_at/created_at. 4. Ghi lại HTTP status, response body và thông báo/điều hướng trên UI (nếu có). 5. Đối chiếu list/count/order/history; mở item để xác nhận entity, scope và transition. 6. So sánh toàn bộ kết quả với cột 'Kết quả mong đợi' và đính kèm evidence nếu Fail/Blocked. | L9: OVERDUE trước; URGENT > HIGH > NORMAL; thứ tự ổn định | M9: Status, due_at, dedupe_key và history nhất quán. | O9: Not Run | U9: Candidate
A10: 7 | B10: COM11-07 | C10: UC-COM-11 | D10: Count việc đang mở | E10: P1 | F10: Functional | G10: API + UI/E2E | H10: GET /api/v1/common/work-items/ GET /api/v1/common/work-items/count/ POST /api/v1/common/work-items/{id}/open/ GET /api/v1/common/work-items/{id}/history/ | I10: Có W1–W6; assignment trực tiếp/theo role; due_at và permission theo case. | J10: work_items=W1–W6; company=C1; branch=B1 | K10: 1. Chuẩn bị dữ liệu đúng mục 'Điều kiện trước' và ghi lại các ID ban đầu. 2. Đăng nhập bằng đúng actor/role và chọn company/branch theo điều kiện trước. 3. Thực hiện kịch bản: Count việc đang mở. 4. Ghi lại HTTP status, response body và thông báo/điều hướng trên UI (nếu có). 5. Đối chiếu list/count/order/history; mở item để xác nhận entity, scope và transition. 6. So sánh toàn bộ kết quả với cột 'Kết quả mong đợi' và đính kèm evidence nếu Fail/Blocked. | L10: Chỉ đếm PENDING/IN_PROGRESS/OVERDUE trong phạm vi nhìn thấy | M10: Status, due_at, dedupe_key và history nhất quán. | O10: Not Run | U10: Candidate
A11: 8 | B11: COM11-08 | C11: UC-COM-11 | D11: Open item hợp lệ | E11: P0 | F11: Functional | G11: API + UI/E2E | H11: GET /api/v1/common/work-items/ GET /api/v1/common/work-items/count/ POST /api/v1/common/work-items/{id}/open/ GET /api/v1/common/work-items/{id}/history/ | I11: Có W1–W6; assignment trực tiếp/theo role; due_at và permission theo case. | J11: work_items=W1–W6; company=C1; branch=B1 | K11: 1. Chuẩn bị dữ liệu đúng mục 'Điều kiện trước' và ghi lại các ID ban đầu. 2. Đăng nhập bằng đúng actor/role và chọn company/branch theo điều kiện trước. 3. Thực hiện kịch bản: Open item hợp lệ. 4. Ghi lại HTTP status, response body và thông báo/điều hướng trên UI (nếu có). 5. Đối chiếu list/count/order/history; mở item để xác nhận entity, scope và transition. 6. So sánh toàn bộ kết quả với cột 'Kết quả mong đợi' và đính kèm evidence nếu Fail/Blocked. | L11: Re-check entity/permission/scope; chuyển sang IN_PROGRESS nếu phù hợp; trả link; ghi history | M11: Status, due_at, dedupe_key và history nhất quán. | O11: Not Run | U11: Candidate
A12: 9 | B12: COM11-09 | C12: UC-COM-11 | D12: Entity không còn khả dụng hoặc permission bị thu hồi | E12: P0 | F12: Security/Authorization | G12: API + Integration | H12: GET /api/v1/common/work-items/ GET /api/v1/common/work-items/count/ POST /api/v1/common/work-items/{id}/open/ GET /api/v1/common/work-items/{id}/history/ | I12: Có W1–W6; assignment trực tiếp/theo role; due_at và permission theo case. | J12: work_items=W1–W6; company=C1; branch=B1 | K12: 1. Chuẩn bị dữ liệu đúng mục 'Điều kiện trước' và ghi lại các ID ban đầu. 2. Đăng nhập bằng đúng actor/role và chọn company/branch theo điều kiện trước. 3. Thực hiện kịch bản: Entity không còn khả dụng hoặc permission bị thu hồi. 4. Ghi lại HTTP status, response body và thông báo/điều hướng trên UI (nếu có). 5. Đối chiếu list/count/order/history; mở item để xác nhận entity, scope và transition. 6. So sánh toàn bộ kết quả với cột 'Kết quả mong đợi' và đính kèm evidence nếu Fail/Blocked. | L12: Không mở; item được cancel/ẩn theo rule; không lộ link đích | M12: Status, due_at, dedupe_key và history nhất quán. | O12: Not Run | U12: Candidate
A13: 10 | B13: COM11-10 | C13: UC-COM-11 | D13: Xem history | E13: P1 | F13: Functional | G13: API + UI/E2E | H13: GET /api/v1/common/work-items/ GET /api/v1/common/work-items/count/ POST /api/v1/common/work-items/{id}/open/ GET /api/v1/common/work-items/{id}/history/ | I13: Có W1–W6; assignment trực tiếp/theo role; due_at và permission theo case. | J13: work_items=W1–W6; company=C1; branch=B1 | K13: 1. Chuẩn bị dữ liệu đúng mục 'Điều kiện trước' và ghi lại các ID ban đầu. 2. Đăng nhập bằng đúng actor/role và chọn company/branch theo điều kiện trước. 3. Thực hiện kịch bản: Xem history. 4. Ghi lại HTTP status, response body và thông báo/điều hướng trên UI (nếu có). 5. Đối chiếu list/count/order/history; mở item để xác nhận entity, scope và transition. 6. So sánh toàn bộ kết quả với cột 'Kết quả mong đợi' và đính kèm evidence nếu Fail/Blocked. | L13: Đúng thứ tự thời gian, trạng thái trước/sau, actor, reason; chỉ user được thấy item mới thấy history | M13: Status, due_at, dedupe_key và history nhất quán. | O13: Not Run | U13: Candidate
A14: 11 | B14: COM11-11 | C14: UC-COM-11 | D14: Tạo cùng dedupe_key nhiều lần/đồng thời | E14: P1 | F14: Concurrency/Idempotency | G14: Integration | H14: GET /api/v1/common/work-items/ GET /api/v1/common/work-items/count/ POST /api/v1/common/work-items/{id}/open/ GET /api/v1/common/work-items/{id}/history/ | I14: Có W1–W6; assignment trực tiếp/theo role; due_at và permission theo case. | J14: work_items=W1–W6; company=C1; branch=B1 Bổ sung: Dùng hai client/worker gửi request cùng thời điểm | K14: 1. Chuẩn bị dữ liệu đúng mục 'Điều kiện trước' và ghi lại các ID ban đầu. 2. Đăng nhập bằng đúng actor/role và chọn company/branch theo điều kiện trước. 3. Thực hiện kịch bản: Tạo cùng dedupe_key nhiều lần/đồng thời. 4. Ghi lại HTTP status, response body và thông báo/điều hướng trên UI (nếu có). 5. Đối chiếu list/count/order/history; mở item để xác nhận entity, scope và transition. 6. So sánh toàn bộ kết quả với cột 'Kết quả mong đợi' và đính kèm evidence nếu Fail/Blocked. | L14: Chỉ một active work-item; không vi phạm unique/không lỗi 5xx | M14: Status, due_at, dedupe_key và history nhất quán. | O14: Not Run | U14: Candidate
A15: 12 | B15: COM11-12 | C15: UC-COM-11 | D15: Chuyển trạng thái không hợp lệ, ví dụ OVERDUE → COMPLETED nếu rule cấm | E15: P1 | F15: Functional | G15: API + UI/E2E | H15: GET /api/v1/common/work-items/ GET /api/v1/common/work-items/count/ POST /api/v1/common/work-items/{id}/open/ GET /api/v1/common/work-items/{id}/history/ | I15: Có W1–W6; assignment trực tiếp/theo role; due_at và permission theo case. | J15: work_items=W1–W6; company=C1; branch=B1 | K15: 1. Chuẩn bị dữ liệu đúng mục 'Điều kiện trước' và ghi lại các ID ban đầu. 2. Đăng nhập bằng đúng actor/role và chọn company/branch theo điều kiện trước. 3. Thực hiện kịch bản: Chuyển trạng thái không hợp lệ, ví dụ OVERDUE → COMPLETED nếu rule cấm. 4. Ghi lại HTTP status, response body và thông báo/điều hướng trên UI (nếu có). 5. Đối chiếu list/count/order/history; mở item để xác nhận entity, scope và transition. 6. So sánh toàn bộ kết quả với cột 'Kết quả mong đợi' và đính kèm evidence nếu Fail/Blocked. | L15: Bị từ chối; trạng thái/history không thay đổi | M15: Status, due_at, dedupe_key và history nhất quán. | O15: Not Run | U15: Candidate

Sheet COM-12
A1: UC-COM-12 – Sử dụng AI Assistant
A2: Nguồn: COMMON_SERVICES_TEST_PLAN.md | 16 test case
A3: STT | B3: Test Case ID | C3: UC ID | D3: Tên test case | E3: Priority | F3: Loại kiểm thử | G3: Lớp | H3: Endpoint/API | I3: Điều kiện trước | J3: Dữ liệu kiểm thử | K3: Các bước thực hiện | L3: Kết quả mong đợi | M3: Hậu điều kiện cần kiểm tra | N3: Actual Result | O3: Status | P3: Severity nếu lỗi | Q3: Defect ID | R3: Tester | S3: Ngày chạy | T3: Evidence/Link | U3: Automation | V3: Ghi chú
A4: 1 | B4: COM12-01 | C4: UC-COM-12 | D4: User không có COM.AI.USE | E4: P0 | F4: Functional | G4: API + UI/E2E | H4: GET|POST /api/v1/common/ai-conversations/ POST /api/v1/common/ai/query/ POST /api/v1/common/ai/{id}/{confirm|feedback}/ POST /api/v1/common/ai/{id}/source/{index}/ | I4: Có COM.AI.USE theo case; chuẩn bị AI OFF/ON và provider stub success/error/timeout. | J4: question=Phân tích tình hình hiện tại; request_id=req-<uuid>; context có/không có dữ liệu nhạy cảm Bổ sung: AI stub hỗ trợ success, timeout, HTTP 500, invalid JSON và oversized response | K4: 1. Chuẩn bị dữ liệu đúng mục 'Điều kiện trước' và ghi lại các ID ban đầu. 2. Đăng nhập bằng đúng actor/role và chọn company/branch theo điều kiện trước. 3. Thực hiện kịch bản: User không có COM.AI.USE. 4. Ghi lại HTTP status, response body và thông báo/điều hướng trên UI (nếu có). 5. Kiểm tra interaction/conversation, provider call, redaction, scope snapshot, source và disclaimer. 6. So sánh toàn bộ kết quả với cột 'Kết quả mong đợi' và đính kèm evidence nếu Fail/Blocked. | L4: 403; không gọi provider và không lưu dữ liệu nhạy cảm | M4: Không lưu/gửi secret; interaction, feedback, source và audit đúng ownership/scope. | O4: Not Run | U4: Candidate
A5: 2 | B5: COM12-02 | C5: UC-COM-12 | D5: AI bị tắt ở company | E5: P1 | F5: Functional | G5: API + UI/E2E | H5: GET|POST /api/v1/common/ai-conversations/ POST /api/v1/common/ai/query/ POST /api/v1/common/ai/{id}/{confirm|feedback}/ POST /api/v1/common/ai/{id}/source/{index}/ | I5: Có COM.AI.USE theo case; chuẩn bị AI OFF/ON và provider stub success/error/timeout. | J5: question=Phân tích tình hình hiện tại; request_id=req-<uuid>; context có/không có dữ liệu nhạy cảm Bổ sung: AI stub hỗ trợ success, timeout, HTTP 500, invalid JSON và oversized response | K5: 1. Chuẩn bị dữ liệu đúng mục 'Điều kiện trước' và ghi lại các ID ban đầu. 2. Đăng nhập bằng đúng actor/role và chọn company/branch theo điều kiện trước. 3. Thực hiện kịch bản: AI bị tắt ở company. 4. Ghi lại HTTP status, response body và thông báo/điều hướng trên UI (nếu có). 5. Kiểm tra interaction/conversation, provider call, redaction, scope snapshot, source và disclaimer. 6. So sánh toàn bộ kết quả với cột 'Kết quả mong đợi' và đính kèm evidence nếu Fail/Blocked. | L5: 503, status UNAVAILABLE, có hướng dẫn dùng chức năng thủ công | M5: Không lưu/gửi secret; interaction, feedback, source và audit đúng ownership/scope. | O5: Not Run | U5: Candidate
A6: 3 | B6: COM12-03 | C6: UC-COM-12 | D6: AI bật nhưng dữ liệu trong scope không đủ | E6: P1 | F6: Security/Authorization | G6: API + Integration | H6: GET|POST /api/v1/common/ai-conversations/ POST /api/v1/common/ai/query/ POST /api/v1/common/ai/{id}/{confirm|feedback}/ POST /api/v1/common/ai/{id}/source/{index}/ | I6: Có COM.AI.USE theo case; chuẩn bị AI OFF/ON và provider stub success/error/timeout. | J6: question=Phân tích tình hình hiện tại; request_id=req-<uuid>; context có/không có dữ liệu nhạy cảm Bổ sung: AI stub hỗ trợ success, timeout, HTTP 500, invalid JSON và oversized response | K6: 1. Chuẩn bị dữ liệu đúng mục 'Điều kiện trước' và ghi lại các ID ban đầu. 2. Đăng nhập bằng đúng actor/role và chọn company/branch theo điều kiện trước. 3. Thực hiện kịch bản: AI bật nhưng dữ liệu trong scope không đủ. 4. Ghi lại HTTP status, response body và thông báo/điều hướng trên UI (nếu có). 5. Kiểm tra interaction/conversation, provider call, redaction, scope snapshot, source và disclaimer. 6. So sánh toàn bộ kết quả với cột 'Kết quả mong đợi' và đính kèm evidence nếu Fail/Blocked. | L6: 201, status INSUFFICIENT_DATA, không bịa nguồn/kết luận | M6: Không lưu/gửi secret; interaction, feedback, source và audit đúng ownership/scope. | O6: Not Run | U6: Candidate
A7: 4 | B7: COM12-04 | C7: UC-COM-12 | D7: Tạo conversation hợp lệ theo company/branch | E7: P1 | F7: Functional | G7: API + UI/E2E | H7: GET|POST /api/v1/common/ai-conversations/ POST /api/v1/common/ai/query/ POST /api/v1/common/ai/{id}/{confirm|feedback}/ POST /api/v1/common/ai/{id}/source/{index}/ | I7: Có COM.AI.USE theo case; chuẩn bị AI OFF/ON và provider stub success/error/timeout. | J7: question=Phân tích tình hình hiện tại; request_id=req-<uuid>; context có/không có dữ liệu nhạy cảm | K7: 1. Chuẩn bị dữ liệu đúng mục 'Điều kiện trước' và ghi lại các ID ban đầu. 2. Đăng nhập bằng đúng actor/role và chọn company/branch theo điều kiện trước. 3. Thực hiện kịch bản: Tạo conversation hợp lệ theo company/branch. 4. Ghi lại HTTP status, response body và thông báo/điều hướng trên UI (nếu có). 5. Kiểm tra interaction/conversation, provider call, redaction, scope snapshot, source và disclaimer. 6. So sánh toàn bộ kết quả với cột 'Kết quả mong đợi' và đính kèm evidence nếu Fail/Blocked. | L7: 201; owner là user hiện tại; branch phải ACTIVE và thuộc company/scope | M7: Không lưu/gửi secret; interaction, feedback, source và audit đúng ownership/scope. | O7: Not Run | U7: Candidate
A8: 5 | B8: COM12-05 | C8: UC-COM-12 | D8: Xem conversation/interaction của user khác hoặc C2 | E8: P0 | F8: Security/Authorization | G8: API + Integration | H8: GET|POST /api/v1/common/ai-conversations/ POST /api/v1/common/ai/query/ POST /api/v1/common/ai/{id}/{confirm|feedback}/ POST /api/v1/common/ai/{id}/source/{index}/ | I8: Có COM.AI.USE theo case; chuẩn bị AI OFF/ON và provider stub success/error/timeout. | J8: question=Phân tích tình hình hiện tại; request_id=req-<uuid>; context có/không có dữ liệu nhạy cảm Bổ sung: Dùng UUID hợp lệ nhưng thuộc C2 hoặc branch ngoài Data Scope | K8: 1. Chuẩn bị dữ liệu đúng mục 'Điều kiện trước' và ghi lại các ID ban đầu. 2. Đăng nhập bằng đúng actor/role và chọn company/branch theo điều kiện trước. 3. Thực hiện kịch bản: Xem conversation/interaction của user khác hoặc C2. 4. Ghi lại HTTP status, response body và thông báo/điều hướng trên UI (nếu có). 5. Kiểm tra interaction/conversation, provider call, redaction, scope snapshot, source và disclaimer. 6. So sánh toàn bộ kết quả với cột 'Kết quả mong đợi' và đính kèm evidence nếu Fail/Blocked. | L8: 404/403; không lộ question/context/answer/source | M8: Không lưu/gửi secret; interaction, feedback, source và audit đúng ownership/scope. | O8: Not Run | U8: Candidate
A9: 6 | B9: COM12-06 | C9: UC-COM-12 | D9: Query hợp lệ theo LOOKUP/EXPLAIN/ANALYSIS/GUIDANCE | E9: P1 | F9: UI/Validation | G9: UI + API | H9: GET|POST /api/v1/common/ai-conversations/ POST /api/v1/common/ai/query/ POST /api/v1/common/ai/{id}/{confirm|feedback}/ POST /api/v1/common/ai/{id}/source/{index}/ | I9: Có COM.AI.USE theo case; chuẩn bị AI OFF/ON và provider stub success/error/timeout. | J9: question=Phân tích tình hình hiện tại; request_id=req-<uuid>; context có/không có dữ liệu nhạy cảm Bổ sung: AI stub hỗ trợ success, timeout, HTTP 500, invalid JSON và oversized response | K9: 1. Chuẩn bị dữ liệu đúng mục 'Điều kiện trước' và ghi lại các ID ban đầu. 2. Đăng nhập bằng đúng actor/role và chọn company/branch theo điều kiện trước. 3. Thực hiện kịch bản: Query hợp lệ theo LOOKUP/EXPLAIN/ANALYSIS/GUIDANCE. 4. Ghi lại HTTP status, response body và thông báo/điều hướng trên UI (nếu có). 5. Kiểm tra interaction/conversation, provider call, redaction, scope snapshot, source và disclaimer. 6. So sánh toàn bộ kết quả với cột 'Kết quả mong đợi' và đính kèm evidence nếu Fail/Blocked. | L9: Provider nhận context đã lọc; lưu type, scope snapshot, processing time, disclaimer | M9: Không lưu/gửi secret; interaction, feedback, source và audit đúng ownership/scope. | O9: Not Run | U9: Candidate
A10: 7 | B10: COM12-07 | C10: UC-COM-12 | D10: Context chứa password/token/secret hoặc dữ liệu ngoài scope | E10: P0 | F10: Security/Authorization | G10: API + Integration | H10: GET|POST /api/v1/common/ai-conversations/ POST /api/v1/common/ai/query/ POST /api/v1/common/ai/{id}/{confirm|feedback}/ POST /api/v1/common/ai/{id}/source/{index}/ | I10: Có COM.AI.USE theo case; chuẩn bị AI OFF/ON và provider stub success/error/timeout. | J10: question=Phân tích tình hình hiện tại; request_id=req-<uuid>; context có/không có dữ liệu nhạy cảm Bổ sung: Dùng UUID hợp lệ nhưng thuộc C2 hoặc branch ngoài Data Scope | K10: 1. Chuẩn bị dữ liệu đúng mục 'Điều kiện trước' và ghi lại các ID ban đầu. 2. Đăng nhập bằng đúng actor/role và chọn company/branch theo điều kiện trước. 3. Thực hiện kịch bản: Context chứa password/token/secret hoặc dữ liệu ngoài scope. 4. Ghi lại HTTP status, response body và thông báo/điều hướng trên UI (nếu có). 5. Kiểm tra interaction/conversation, provider call, redaction, scope snapshot, source và disclaimer. 6. So sánh toàn bộ kết quả với cột 'Kết quả mong đợi' và đính kèm evidence nếu Fail/Blocked. | L10: Giá trị nhạy cảm được [REDACTED]; dữ liệu ngoài scope không gửi provider | M10: Không lưu/gửi secret; interaction, feedback, source và audit đúng ownership/scope. | O10: Not Run | U10: Candidate
A11: 8 | B11: COM12-08 | C11: UC-COM-12 | D11: Prompt injection yêu cầu bỏ qua quyền hoặc truy xuất C2 | E11: P0 | F11: Security/Authorization | G11: API + Integration | H11: GET|POST /api/v1/common/ai-conversations/ POST /api/v1/common/ai/query/ POST /api/v1/common/ai/{id}/{confirm|feedback}/ POST /api/v1/common/ai/{id}/source/{index}/ | I11: Có COM.AI.USE theo case; chuẩn bị AI OFF/ON và provider stub success/error/timeout. | J11: question=Phân tích tình hình hiện tại; request_id=req-<uuid>; context có/không có dữ liệu nhạy cảm Bổ sung: Dùng UUID hợp lệ nhưng thuộc C2 hoặc branch ngoài Data Scope | K11: 1. Chuẩn bị dữ liệu đúng mục 'Điều kiện trước' và ghi lại các ID ban đầu. 2. Đăng nhập bằng đúng actor/role và chọn company/branch theo điều kiện trước. 3. Thực hiện kịch bản: Prompt injection yêu cầu bỏ qua quyền hoặc truy xuất C2. 4. Ghi lại HTTP status, response body và thông báo/điều hướng trên UI (nếu có). 5. Kiểm tra interaction/conversation, provider call, redaction, scope snapshot, source và disclaimer. 6. So sánh toàn bộ kết quả với cột 'Kết quả mong đợi' và đính kèm evidence nếu Fail/Blocked. | L11: Không vượt Permission/Data Scope; câu trả lời không lộ dữ liệu | M11: Không lưu/gửi secret; interaction, feedback, source và audit đúng ownership/scope. | O11: Not Run | U11: Candidate
A12: 9 | B12: COM12-09 | C12: UC-COM-12 | D12: Gửi lại cùng request_id | E12: P1 | F12: Functional | G12: API + UI/E2E | H12: GET|POST /api/v1/common/ai-conversations/ POST /api/v1/common/ai/query/ POST /api/v1/common/ai/{id}/{confirm|feedback}/ POST /api/v1/common/ai/{id}/source/{index}/ | I12: Có COM.AI.USE theo case; chuẩn bị AI OFF/ON và provider stub success/error/timeout. | J12: question=Phân tích tình hình hiện tại; request_id=req-<uuid>; context có/không có dữ liệu nhạy cảm | K12: 1. Chuẩn bị dữ liệu đúng mục 'Điều kiện trước' và ghi lại các ID ban đầu. 2. Đăng nhập bằng đúng actor/role và chọn company/branch theo điều kiện trước. 3. Thực hiện kịch bản: Gửi lại cùng request_id. 4. Ghi lại HTTP status, response body và thông báo/điều hướng trên UI (nếu có). 5. Kiểm tra interaction/conversation, provider call, redaction, scope snapshot, source và disclaimer. 6. So sánh toàn bộ kết quả với cột 'Kết quả mong đợi' và đính kèm evidence nếu Fail/Blocked. | L12: Idempotent, trả interaction cũ; provider không bị gọi hai lần | M12: Không lưu/gửi secret; interaction, feedback, source và audit đúng ownership/scope. | O12: Not Run | U12: Candidate
A13: 10 | B13: COM12-10 | C13: UC-COM-12 | D13: conversation/parent không thuộc user hoặc không tương thích | E13: P1 | F13: Functional | G13: API + UI/E2E | H13: GET|POST /api/v1/common/ai-conversations/ POST /api/v1/common/ai/query/ POST /api/v1/common/ai/{id}/{confirm|feedback}/ POST /api/v1/common/ai/{id}/source/{index}/ | I13: Có COM.AI.USE theo case; chuẩn bị AI OFF/ON và provider stub success/error/timeout. | J13: question=Phân tích tình hình hiện tại; request_id=req-<uuid>; context có/không có dữ liệu nhạy cảm | K13: 1. Chuẩn bị dữ liệu đúng mục 'Điều kiện trước' và ghi lại các ID ban đầu. 2. Đăng nhập bằng đúng actor/role và chọn company/branch theo điều kiện trước. 3. Thực hiện kịch bản: conversation/parent không thuộc user hoặc không tương thích. 4. Ghi lại HTTP status, response body và thông báo/điều hướng trên UI (nếu có). 5. Kiểm tra interaction/conversation, provider call, redaction, scope snapshot, source và disclaimer. 6. So sánh toàn bộ kết quả với cột 'Kết quả mong đợi' và đính kèm evidence nếu Fail/Blocked. | L13: 400/403; không nối sai chuỗi hội thoại | M13: Không lưu/gửi secret; interaction, feedback, source và audit đúng ownership/scope. | O13: Not Run | U13: Candidate
A14: 11 | B14: COM12-11 | C14: UC-COM-12 | D14: Provider timeout, HTTP lỗi, JSON sai hoặc response quá lớn | E14: P1 | F14: Performance/Resilience | G14: API + Integration | H14: GET|POST /api/v1/common/ai-conversations/ POST /api/v1/common/ai/query/ POST /api/v1/common/ai/{id}/{confirm|feedback}/ POST /api/v1/common/ai/{id}/source/{index}/ | I14: Có COM.AI.USE theo case; chuẩn bị AI OFF/ON và provider stub success/error/timeout. | J14: question=Phân tích tình hình hiện tại; request_id=req-<uuid>; context có/không có dữ liệu nhạy cảm Bổ sung: AI stub hỗ trợ success, timeout, HTTP 500, invalid JSON và oversized response | K14: 1. Chuẩn bị dữ liệu đúng mục 'Điều kiện trước' và ghi lại các ID ban đầu. 2. Đăng nhập bằng đúng actor/role và chọn company/branch theo điều kiện trước. 3. Thực hiện kịch bản: Provider timeout, HTTP lỗi, JSON sai hoặc response quá lớn. 4. Ghi lại HTTP status, response body và thông báo/điều hướng trên UI (nếu có). 5. Kiểm tra interaction/conversation, provider call, redaction, scope snapshot, source và disclaimer. 6. So sánh toàn bộ kết quả với cột 'Kết quả mong đợi' và đính kèm evidence nếu Fail/Blocked. | L14: 503, status UNAVAILABLE, thông báo fallback; không lỗi 5xx không kiểm soát | M14: Không lưu/gửi secret; interaction, feedback, source và audit đúng ownership/scope. | O14: Not Run | U14: Candidate
A15: 12 | B15: COM12-12 | C15: UC-COM-12 | D15: Confirm interaction COMPLETED | E15: P1 | F15: Functional | G15: API + UI/E2E | H15: GET|POST /api/v1/common/ai-conversations/ POST /api/v1/common/ai/query/ POST /api/v1/common/ai/{id}/{confirm|feedback}/ POST /api/v1/common/ai/{id}/source/{index}/ | I15: Có COM.AI.USE theo case; chuẩn bị AI OFF/ON và provider stub success/error/timeout. | J15: question=Phân tích tình hình hiện tại; request_id=req-<uuid>; context có/không có dữ liệu nhạy cảm | K15: 1. Chuẩn bị dữ liệu đúng mục 'Điều kiện trước' và ghi lại các ID ban đầu. 2. Đăng nhập bằng đúng actor/role và chọn company/branch theo điều kiện trước. 3. Thực hiện kịch bản: Confirm interaction COMPLETED. 4. Ghi lại HTTP status, response body và thông báo/điều hướng trên UI (nếu có). 5. Kiểm tra interaction/conversation, provider call, redaction, scope snapshot, source và disclaimer. 6. So sánh toàn bộ kết quả với cột 'Kết quả mong đợi' và đính kèm evidence nếu Fail/Blocked. | L15: Set confirmed_at; interaction không completed bị từ chối | M15: Không lưu/gửi secret; interaction, feedback, source và audit đúng ownership/scope. | O15: Not Run | U15: Candidate
... A19: 16 | B19: COM12-16 | C19: UC-COM-12 | D19: Nội dung output có HTML/script/công thức nguy hiểm | E19: P1 | F19: Functional | G19: API + UI/E2E | H19: GET|POST /api/v1/common/ai-conversations/ POST /api/v1/common/ai/query/ POST /api/v1/common/ai/{id}/{confirm|feedback}/ POST /api/v1/common/ai/{id}/source/{index}/ | I19: Có COM.AI.USE theo case; chuẩn bị AI OFF/ON và provider stub success/error/timeout. | J19: question=Phân tích tình hình hiện tại; request_id=req-<uuid>; context có/không có dữ liệu nhạy cảm | K19: 1. Chuẩn bị dữ liệu đúng mục 'Điều kiện trước' và ghi lại các ID ban đầu. 2. Đăng nhập bằng đúng actor/role và chọn company/branch theo điều kiện trước. 3. Thực hiện kịch bản: Nội dung output có HTML/script/công thức nguy hiểm. 4. Ghi lại HTTP status, response body và thông báo/điều hướng trên UI (nếu có). 5. Kiểm tra interaction/conversation, provider call, redaction, scope snapshot, source và disclaimer. 6. So sánh toàn bộ kết quả với cột 'Kết quả mong đợi' và đính kèm evidence nếu Fail/Blocked. | L19: UI encode/sanitize; không XSS; disclaimer luôn hiển thị | M19: Không lưu/gửi secret; interaction, feedback, source và audit đúng ownership/scope. | O19: Not Run | U19: Candidate
